-4.575458168983459473e-02,8.020364047518875605e-02,-7.137089881831056859e-01
-4.196013882756233215e-02,8.020364047518875605e-02,-7.127108066991719726e-01
-3.822969272732734680e-02,8.020364047518875605e-02,-7.127108066991719726e-01
-3.440260514616966248e-02,8.020364047518875605e-02,-7.107143841357377312e-01
-4.543462023138999939e-02,8.020364047518875605e-02,-7.087827618237114713e-01
-4.172506928443908691e-02,8.020364047518875605e-02,-7.087827618237114713e-01
-3.801551833748817444e-02,8.020364047518875605e-02,-7.087827618237114713e-01
-3.420933336019515991e-02,8.020364047518875605e-02,-7.067861569574309666e-01
-4.505066573619842529e-02,8.020364047518875605e-02,-7.028572596431839070e-01
-4.143122956156730652e-02,8.020364047518875605e-02,-7.038556234949792101e-01
-3.774780407547950745e-02,8.020364047518875605e-02,-7.038556234949792101e-01
-3.387110680341720581e-02,8.020364047518875605e-02,-6.998621085572466205e-01
-3.007929958403110504e-02,8.020364047518875605e-02,-6.968669574713094450e-01
-5.832031369209289551e-02,8.020364047518875605e-02,-6.859474794333854097e-01
-5.481060221791267395e-02,8.020364047518875605e-02,-6.869459344366037890e-01
-5.136488005518913269e-02,8.020364047518875605e-02,-6.889429040386071401e-01
-4.810591042041778564e-02,8.020364047518875605e-02,-6.939352387152809554e-01
-4.466670751571655273e-02,8.020364047518875605e-02,-6.969306038549665239e-01
-4.101985320448875427e-02,8.020364047518875605e-02,-6.969306038549665239e-01
-3.737300261855125427e-02,8.020364047518875605e-02,-6.969306038549665239e-01
-3.362951427698135376e-02,8.020364047518875605e-02,-6.949336937835145500e-01
-2.990692481398582458e-02,8.020364047518875605e-02,-6.929367241815111989e-01
-2.620523236691951752e-02,8.020364047518875605e-02,-6.909398141100592250e-01
-2.255708537995815277e-02,8.020364047518875605e-02,-6.899413591068408458e-01
-1.894680596888065338e-02,8.020364047518875605e-02,-6.899413591068408458e-01
-5.823542177677154541e-02,8.020364047518875605e-02,-6.850115765416400215e-01
-5.473093688488006592e-02,8.020364047518875605e-02,-6.860101227612966923e-01
-5.129043385386466980e-02,8.020364047518875605e-02,-6.880072152006102559e-01
-4.782903939485549927e-02,8.020364047518875605e-02,-6.900043671704750858e-01
-4.434674605727195740e-02,8.020364047518875605e-02,-6.920014596097885384e-01
-4.078478366136550903e-02,8.020364047518875605e-02,-6.930000058294453202e-01
-3.710528835654258728e-02,8.020364047518875605e-02,-6.920014596097885384e-01
-3.338792547583580017e-02,8.020364047518875605e-02,-6.900043671704750858e-01
-2.973455190658569336e-02,8.020364047518875605e-02,-6.890058209508184150e-01
-2.612949535250663757e-02,8.020364047518875605e-02,-6.890058209508184150e-01
-2.252444066107273102e-02,8.020364047518875605e-02,-6.890058209508184150e-01
-1.894680596888065338e-02,8.020364047518875605e-02,-6.900043671704750858e-01
-6.540373712778091431e-02,8.020364047518875605e-02,-6.850741286531129015e-01
-6.181958317756652832e-02,8.020364047518875605e-02,-6.850741286531129015e-01
-5.823542177677154541e-02,8.020364047518875605e-02,-6.850741286531129015e-01
-5.473093688488006592e-02,8.020364047518875605e-02,-6.860727660241927595e-01
-5.114155262708663940e-02,8.020364047518875605e-02,-6.860727660241927595e-01
-4.762138798832893372e-02,8.020364047518875605e-02,-6.870714034602878328e-01
-4.415477067232131958e-02,8.020364047518875605e-02,-6.890687377980142525e-01
-4.054971411824226379e-02,8.020364047518875605e-02,-6.890687377980142525e-01
-3.694466128945350647e-02,8.020364047518875605e-02,-6.890687377980142525e-01
-3.333960846066474915e-02,8.020364047518875605e-02,-6.890687377980142525e-01
-2.973455190658569336e-02,8.020364047518875605e-02,-6.890687377980142525e-01
-2.609162591397762299e-02,8.020364047518875605e-02,-6.880700408313676908e-01
-2.252444066107273102e-02,8.020364047518875605e-02,-6.890687377980142525e-01
-1.891938783228397369e-02,8.020364047518875605e-02,-6.890687377980142525e-01
-1.535871997475624084e-02,8.020364047518875605e-02,-6.910660126051891838e-01
-6.540373712778091431e-02,8.020364047518875605e-02,-6.851366808296011079e-01
-6.181958317756652832e-02,8.020364047518875605e-02,-6.851366808296011079e-01
-5.815053358674049377e-02,8.020364047518875605e-02,-6.841379522420829584e-01
-5.465127155184745789e-02,8.020364047518875605e-02,-6.851366808296011079e-01
-5.106711387634277344e-02,8.020364047518875605e-02,-6.851366808296011079e-01
-4.755217209458351135e-02,8.020364047518875605e-02,-6.861354094171193685e-01
-4.409077763557434082e-02,8.020364047518875605e-02,-6.881328665921557786e-01
-4.054971411824226379e-02,8.020364047518875605e-02,-6.891316547102254164e-01
-3.694466128945350647e-02,8.020364047518875605e-02,-6.891316547102254164e-01
-3.329128772020339966e-02,8.020364047518875605e-02,-6.881328665921557786e-01
-2.964836359024047852e-02,8.020364047518875605e-02,-6.871341380046376290e-01
-2.605375647544860840e-02,8.020364047518875605e-02,-6.871341380046376290e-01
-2.249179594218730927e-02,8.020364047518875605e-02,-6.881328665921557786e-01
-1.891938783228397369e-02,8.020364047518875605e-02,-6.891316547102254164e-01
-1.533652562648057938e-02,8.020364047518875605e-02,-6.901303832977436770e-01
-6.549907475709915161e-02,8.020364047518875605e-02,-6.861980527450306511e-01
-6.190969794988632202e-02,8.020364047518875605e-02,-6.861980527450306511e-01
-5.832031369209289551e-02,8.020364047518875605e-02,-6.861980527450306511e-01
-5.473093688488006592e-02,8.020364047518875605e-02,-6.861980527450306511e-01
-5.114155262708663940e-02,8.020364047518875605e-02,-6.861980527450306511e-01
-4.755217209458351135e-02,8.020364047518875605e-02,-6.861980527450306511e-01
-4.415477067232131958e-02,8.020364047518875605e-02,-6.891945715574213649e-01
-4.054971411824226379e-02,8.020364047518875605e-02,-6.891945715574213649e-01
-3.694466128945350647e-02,8.020364047518875605e-02,-6.891945715574213649e-01
-3.333960846066474915e-02,8.020364047518875605e-02,-6.891945715574213649e-01
-2.964836359024047852e-02,8.020364047518875605e-02,-6.871968724839719878e-01
-2.601588889956474304e-02,8.020364047518875605e-02,-6.861980527450306511e-01
-2.245915122330188751e-02,8.020364047518875605e-02,-6.871968724839719878e-01
-1.891938783228397369e-02,8.020364047518875605e-02,-6.891945715574213649e-01
-1.533652562648057938e-02,8.020364047518875605e-02,-6.901933913613779170e-01
-6.578509509563446045e-02,2.029828592416993427e-02,-6.892574884696325288e-01
-6.208992749452590942e-02,2.029828592416993427e-02,-6.882585179837014122e-01
-5.840520560741424561e-02,2.029828592416993427e-02,-6.872596070283216729e-01
-5.481060221791267395e-02,2.029828592416993427e-02,-6.872596070283216729e-01
-5.114155262708663940e-02,2.029828592416993427e-02,-6.862606960729420447e-01
-4.762138798832893372e-02,2.029828592416993427e-02,-6.872596070283216729e-01
-4.415477067232131958e-02,2.029828592416993427e-02,-6.892574884696325288e-01
-4.072601720690727234e-02,2.029828592416993427e-02,-6.922542213357716356e-01
-3.705174475908279419e-02,2.029828592416993427e-02,-6.912553103803918964e-01
-3.338792547583580017e-02,2.029828592416993427e-02,-6.902563994250122681e-01
-2.973455190658569336e-02,2.029828592416993427e-02,-6.892574884696325288e-01
-2.605375647544860840e-02,2.029828592416993427e-02,-6.872596070283216729e-01
-2.249179594218730927e-02,2.029828592416993427e-02,-6.882585179837014122e-01
-1.891938783228397369e-02,2.029828592416993427e-02,-6.892574884696325288e-01
-1.533652562648057938e-02,2.029828592416993427e-02,-6.902563994250122681e-01
-6.597577780485153198e-02,2.029828592416993427e-02,-6.913184095954493236e-01
-6.236027553677558899e-02,2.029828592416993427e-02,-6.913184095954493236e-01
-5.865988135337829590e-02,2.029828592416993427e-02,-6.903194074236311817e-01
-5.496993660926818848e-02,2.029828592416993427e-02,-6.893204053168284773e-01
-5.129043385386466980e-02,2.029828592416993427e-02,-6.883213436144589581e-01
-4.775982350111007690e-02,2.029828592416993427e-02,-6.893204053168284773e-01
-4.421876370906829834e-02,2.029828592416993427e-02,-6.903194074236311817e-01
-4.078478366136550903e-02,2.029828592416993427e-02,-6.933164138740701699e-01
-3.710528835654258728e-02,2.029828592416993427e-02,-6.923174117022521390e-01
-3.343624249100685120e-02,2.029828592416993427e-02,-6.913184095954493236e-01
-2.973455190658569336e-02,2.029828592416993427e-02,-6.893204053168284773e-01
-2.609162591397762299e-02,2.029828592416993427e-02,-6.883213436144589581e-01
-2.249179594218730927e-02,2.029828592416993427e-02,-6.883213436144589581e-01
-1.894680596888065338e-02,2.029828592416993427e-02,-6.903194074236311817e-01
-1.535871997475624084e-02,2.029828592416993427e-02,-6.913184095954493236e-01
-1.174321677535772324e-02,2.029828592416993427e-02,-6.913184095954493236e-01
-6.607111543416976929e-02,2.029828592416993427e-02,-6.923806021987631842e-01
-6.254050880670547485e-02,2.029828592416993427e-02,-6.933796955220042912e-01
-5.882966145873069763e-02,2.029828592416993427e-02,-6.923806021987631842e-01
-5.520893260836601257e-02,2.029828592416993427e-02,-6.923806021987631842e-01
-5.143932253122329712e-02,2.029828592416993427e-02,-6.903824155522807482e-01
-4.789825528860092163e-02,2.029828592416993427e-02,-6.913815088755219662e-01
-4.434674605727195740e-02,2.029828592416993427e-02,-6.923806021987631842e-01
-4.078478366136550903e-02,2.029828592416993427e-02,-6.933796955220042912e-01
-3.710528835654258728e-02,2.029828592416993427e-02,-6.923806021987631842e-01
-3.343624249100685120e-02,2.029828592416993427e-02,-6.913815088755219662e-01
-2.973455190658569336e-02,2.029828592416993427e-02,-6.893833222290396412e-01
-2.612949535250663757e-02,2.029828592416993427e-02,-6.893833222290396412e-01
-2.252444066107273102e-02,2.029828592416993427e-02,-6.893833222290396412e-01
-1.897422596812248230e-02,2.029828592416993427e-02,-6.913815088755219662e-01
-1.538091525435447693e-02,2.029828592416993427e-02,-6.923806021987631842e-01
-1.177715603262186050e-02,2.029828592416993427e-02,-6.933796955220042912e-01
-6.236027553677558899e-02,2.029828592416993427e-02,-6.914446081230869456e-01
-5.882966145873069763e-02,2.029828592416993427e-02,-6.924437925977512398e-01
-5.528860166668891907e-02,2.029828592416993427e-02,-6.934429771049231972e-01
-5.166264623403549194e-02,2.029828592416993427e-02,-6.934429771049231972e-01
-4.796747118234634399e-02,2.029828592416993427e-02,-6.924437925977512398e-01
-4.434674605727195740e-02,2.029828592416993427e-02,-6.924437925977512398e-01
-4.066725075244903564e-02,2.029828592416993427e-02,-6.914446081230869456e-01
-3.710528835654258728e-02,2.029828592416993427e-02,-6.924437925977512398e-01
-3.348455950617790222e-02,2.029828592416993427e-02,-6.924437925977512398e-01
-2.982073836028575897e-02,2.029828592416993427e-02,-6.914446081230869456e-01
-2.624309994280338287e-02,2.029828592416993427e-02,-6.924437925977512398e-01
-2.265501581132411957e-02,2.029828592416993427e-02,-6.934429771049231972e-01
-1.905648410320281982e-02,2.029828592416993427e-02,-6.944422211751541951e-01
-1.546969357877969742e-02,2.029828592416993427e-02,-6.964405901569903357e-01
-1.184503640979528427e-02,2.029828592416993427e-02,-6.974397746641622930e-01
-6.908845901489257812e-02,2.029828592416993427e-02,-6.865112693520796228e-01
-6.578509509563446045e-02,2.029828592416993427e-02,-6.895091559884466426e-01
-6.218004599213600159e-02,2.029828592416993427e-02,-6.895091559884466426e-01
-5.874476954340934753e-02,2.029828592416993427e-02,-6.915077073381443729e-01
-5.520893260836601257e-02,2.029828592416993427e-02,-6.925069830292470696e-01
-5.158820375800132751e-02,2.029828592416993427e-02,-6.925069830292470696e-01
-4.796747118234634399e-02,2.029828592416993427e-02,-6.925069830292470696e-01
-4.428275674581527710e-02,2.029828592416993427e-02,-6.915077073381443729e-01
-4.066725075244903564e-02,2.029828592416993427e-02,-6.915077073381443729e-01
-3.705174475908279419e-02,2.029828592416993427e-02,-6.915077073381443729e-01
-3.343624249100685120e-02,2.029828592416993427e-02,-6.915077073381443729e-01
-2.990692481398582458e-02,2.029828592416993427e-02,-6.935062587203496554e-01
-2.628096938133239746e-02,2.029828592416993427e-02,-6.935062587203496554e-01
-2.268766239285469055e-02,2.029828592416993427e-02,-6.945055939745113927e-01
-1.911132223904132843e-02,2.029828592416993427e-02,-6.965041453242091229e-01
-1.551408413797616959e-02,2.029828592416993427e-02,-6.985027562694734460e-01
-1.189594622701406479e-02,2.029828592416993427e-02,-7.005013076191711763e-01
-8.256910368800163269e-03,2.029828592416993427e-02,-7.024998590013765698e-01
-4.596975166350603104e-03,2.029828592416993427e-02,-7.044984699141333406e-01
-6.888733059167861938e-02,2.029828592416993427e-02,-6.845751789624318073e-01
-6.549907475709915161e-02,2.029828592416993427e-02,-6.865739127124985686e-01
-6.208992749452590942e-02,2.029828592416993427e-02,-6.885726464300577776e-01
-5.865988135337829590e-02,2.029828592416993427e-02,-6.905714397431835794e-01
-5.520893260836601257e-02,2.029828592416993427e-02,-6.925701734607427884e-01
-5.166264623403549194e-02,2.029828592416993427e-02,-6.935695403357762245e-01
-4.789825528860092163e-02,2.029828592416993427e-02,-6.915708066182170155e-01
-4.428275674581527710e-02,2.029828592416993427e-02,-6.915708066182170155e-01
-4.066725075244903564e-02,2.029828592416993427e-02,-6.915708066182170155e-01
-3.705174475908279419e-02,2.029828592416993427e-02,-6.915708066182170155e-01
-3.343624249100685120e-02,2.029828592416993427e-02,-6.915708066182170155e-01
-2.995002083480358124e-02,2.029828592416993427e-02,-6.945689667738687012e-01
-2.635670825839042664e-02,2.029828592416993427e-02,-6.955683336489020263e-01
-2.275294996798038483e-02,2.029828592416993427e-02,-6.965677004914277992e-01
-1.913874037563800812e-02,2.029828592416993427e-02,-6.975670673664612353e-01
-1.553627848625183105e-02,2.029828592416993427e-02,-6.995658606795871481e-01
-1.191291678696870804e-02,2.029828592416993427e-02,-7.015645943971462462e-01
-8.268656209111213684e-03,2.029828592416993427e-02,-7.035633877102722700e-01
-4.596975166350603104e-03,2.029828592416993427e-02,-7.045627545853057061e-01
-6.888733059167861938e-02,2.029828592416993427e-02,-6.846376399224816112e-01
-6.549907475709915161e-02,2.029828592416993427e-02,-6.866365560241560750e-01
-6.199981272220611572e-02,2.029828592416993427e-02,-6.876360140831202505e-01
-5.857498943805694580e-02,2.029828592416993427e-02,-6.896349897478537549e-01
-5.512926727533340454e-02,2.029828592416993427e-02,-6.916339058495282188e-01
-5.158820375800132751e-02,2.029828592416993427e-02,-6.926333638922385072e-01
-4.434674605727195740e-02,2.029828592416993427e-02,-6.926333638922385072e-01
-4.072601720690727234e-02,2.029828592416993427e-02,-6.926333638922385072e-01
-3.710528835654258728e-02,2.029828592416993427e-02,-6.926333638922385072e-01
-3.343624249100685120e-02,2.029828592416993427e-02,-6.916339058495282188e-01
-2.999311313033103943e-02,2.029828592416993427e-02,-6.956317976159361871e-01
-2.639457583427429199e-02,2.029828592416993427e-02,-6.966312556586465865e-01
-2.275294996798038483e-02,2.029828592416993427e-02,-6.966312556586465865e-01
-1.916616223752498627e-02,2.029828592416993427e-02,-6.986302313396338670e-01
-1.555847283452749252e-02,2.029828592416993427e-02,-7.006291474250545548e-01
-1.192988641560077667e-02,2.029828592416993427e-02,-7.026280635267291297e-01
-8.280401118099689484e-03,2.029828592416993427e-02,-7.046270392077165212e-01
-4.603495821356773376e-03,2.029828592416993427e-02,-7.056264972504268096e-01
-6.888733059167861938e-02,2.029828592416993427e-02,-6.847001008987853021e-01
-6.549907475709915161e-02,2.029828592416993427e-02,-6.866991993683212447e-01
-6.199981272220611572e-02,2.029828592416993427e-02,-6.876987485949622725e-01
-5.857498943805694580e-02,2.029828592416993427e-02,-6.896979066438111428e-01
-5.504960194230079651e-02,2.029828592416993427e-02,-6.906974558704521705e-01
-5.158820375800132751e-02,2.029828592416993427e-02,-6.926965543399881131e-01
-4.434674605727195740e-02,2.029828592416993427e-02,-6.926965543399881131e-01
-4.078478366136550903e-02,2.029828592416993427e-02,-6.936961035666292519e-01
-3.715883195400238037e-02,2.029828592416993427e-02,-6.936961035666292519e-01
-3.353287652134895325e-02,2.029828592416993427e-02,-6.936961035666292519e-01
-3.003620542585849762e-02,2.029828592416993427e-02,-6.966948108421191499e-01
-2.639457583427429199e-02,2.029828592416993427e-02,-6.966948108421191499e-01
-2.278559282422065735e-02,2.029828592416993427e-02,-6.976943600687601776e-01
-1.919358037412166595e-02,2.029828592416993427e-02,-6.996935181176090479e-01
-1.555847283452749252e-02,2.029828592416993427e-02,-7.006930673442500757e-01
-1.192988641560077667e-02,2.029828592416993427e-02,-7.026921658137861293e-01
-8.280401118099689484e-03,2.029828592416993427e-02,-7.046913238463811124e-01
-4.603495821356773376e-03,2.029828592416993427e-02,-7.056908730892760273e-01
-6.898789107799530029e-02,2.029828592416993427e-02,-6.857622022775338166e-01
-6.549907475709915161e-02,2.029828592416993427e-02,-6.867618426881055838e-01
-6.190969794988632202e-02,2.029828592416993427e-02,-6.867618426881055838e-01
-5.857498943805694580e-02,2.029828592416993427e-02,-6.897608235153878109e-01
-5.504960194230079651e-02,2.029828592416993427e-02,-6.907604639259595780e-01
-5.158820375800132751e-02,2.029828592416993427e-02,-6.927597447552300558e-01
-4.789825528860092163e-02,2.029828592416993427e-02,-6.917601043446582887e-01
-4.434674605727195740e-02,2.029828592416993427e-02,-6.927597447552300558e-01
-4.078478366136550903e-02,2.029828592416993427e-02,-6.937593851739287665e-01
-3.715883195400238037e-02,2.029828592416993427e-02,-6.937593851739287665e-01
-3.353287652134895325e-02,2.029828592416993427e-02,-6.937593851739287665e-01
-3.003620542585849762e-02,2.029828592416993427e-02,-6.967583660012108826e-01
-2.639457583427429199e-02,2.029828592416993427e-02,-6.967583660012108826e-01
-2.281823940575122833e-02,2.029828592416993427e-02,-6.987577064097942880e-01
-1.919358037412166595e-02,2.029828592416993427e-02,-6.997573468284929987e-01
-1.555847283452749252e-02,2.029828592416993427e-02,-7.007569872390648769e-01
-1.192988641560077667e-02,2.029828592416993427e-02,-7.027562680683354657e-01
-8.280401118099689484e-03,2.029828592416993427e-02,-7.047556084850458147e-01
-4.610016476362943649e-03,2.029828592416993427e-02,-7.067548893061893489e-01
-6.908845901489257812e-02,2.029828592416993427e-02,-6.868244860160169774e-01
-6.559441238641738892e-02,2.029828592416993427e-02,-6.878242176186464274e-01
-6.208992749452590942e-02,2.029828592416993427e-02,-6.888239492131489339e-01
-5.857498943805694580e-02,2.029828592416993427e-02,-6.898237404032182551e-01
-5.496993660926818848e-02,2.029828592416993427e-02,-6.898237404032182551e-01
-5.143932253122329712e-02,2.029828592416993427e-02,-6.908234719977207616e-01
-4.782903939485549927e-02,2.029828592416993427e-02,-6.908234719977207616e-01
-4.428275674581527710e-02,2.029828592416993427e-02,-6.918232035922232681e-01
-4.078478366136550903e-02,2.029828592416993427e-02,-6.938226667893553357e-01
-3.715883195400238037e-02,2.029828592416993427e-02,-6.938226667893553357e-01
-3.353287652134895325e-02,2.029828592416993427e-02,-6.938226667893553357e-01
-3.003620542585849762e-02,2.029828592416993427e-02,-6.968219211684296699e-01
-2.639457583427429199e-02,2.029828592416993427e-02,-6.968219211684296699e-01
-2.281823940575122833e-02,2.029828592416993427e-02,-6.988214439530013866e-01
-1.919358037412166595e-02,2.029828592416993427e-02,-6.998211755475040041e-01
-1.555847283452749252e-02,2.029828592416993427e-02,-7.008209071501334542e-01
-1.192988641560077667e-02,2.029828592416993427e-02,-7.028203703391386892e-01
-8.292146027088165283e-03,2.029828592416993427e-02,-7.058196247182130234e-01
-4.610016476362943649e-03,2.029828592416993427e-02,-7.068193563208424735e-01
-6.939015537500381470e-02,2.029828592416993427e-02,-6.898866572824138288e-01
-6.578509509563446045e-02,2.029828592416993427e-02,-6.898866572824138288e-01
-6.218004599213600159e-02,2.029828592416993427e-02,-6.898866572824138288e-01
-5.857498943805694580e-02,2.029828592416993427e-02,-6.898866572824138288e-01
-5.504960194230079651e-02,2.029828592416993427e-02,-6.908864800623708557e-01
-5.151376128196716309e-02,2.029828592416993427e-02,-6.918863028423279937e-01
-4.789825528860092163e-02,2.029828592416993427e-02,-6.918863028423279937e-01
-4.434674605727195740e-02,2.029828592416993427e-02,-6.928861256217770936e-01
-4.078478366136550903e-02,2.029828592416993427e-02,-6.938859484017342316e-01
-3.721237555146217346e-02,2.029828592416993427e-02,-6.948858307762421083e-01
-3.362951427698135376e-02,2.029828592416993427e-02,-6.958856535561992462e-01
-3.003620542585849762e-02,2.029828592416993427e-02,-6.968854763356483462e-01
-2.643244527280330658e-02,2.029828592416993427e-02,-6.978852991156054841e-01
-2.281823940575122833e-02,2.029828592416993427e-02,-6.988851814901133608e-01
-1.919358037412166595e-02,2.029828592416993427e-02,-6.998850042700704988e-01
-1.555847283452749252e-02,2.029828592416993427e-02,-7.008848270500275257e-01
-1.192988641560077667e-02,2.029828592416993427e-02,-7.028844726094338746e-01
-8.292146027088165283e-03,2.029828592416993427e-02,-7.058840005438560272e-01
-4.623057786375284195e-03,2.029828592416993427e-02,-7.088835284777701418e-01
-7.331258058547973633e-02,2.029828592416993427e-02,-6.929493160537808505e-01
-6.949071586132049561e-02,2.029828592416993427e-02,-6.909494881290527690e-01
-6.578509509563446045e-02,2.029828592416993427e-02,-6.899495741666887838e-01
-6.218004599213600159e-02,2.029828592416993427e-02,-6.899495741666887838e-01
-5.865988135337829590e-02,2.029828592416993427e-02,-6.909494881290527690e-01
-5.512926727533340454e-02,2.029828592416993427e-02,-6.919494020914167542e-01
-5.158820375800132751e-02,2.029828592416993427e-02,-6.929493160537808505e-01
-4.796747118234634399e-02,2.029828592416993427e-02,-6.929493160537808505e-01
-4.441073909401893616e-02,2.029828592416993427e-02,-6.939492300161448357e-01
-4.084355384111404419e-02,2.029828592416993427e-02,-6.949492035781390520e-01
-3.726591914892196655e-02,2.029828592416993427e-02,-6.959491175405030372e-01
-3.362951427698135376e-02,2.029828592416993427e-02,-6.959491175405030372e-01
-3.007929958403110504e-02,2.029828592416993427e-02,-6.979489454692945349e-01
-2.643244527280330658e-02,2.029828592416993427e-02,-6.979489454692945349e-01
-2.281823940575122833e-02,2.029828592416993427e-02,-6.989489190312887512e-01
-1.919358037412166595e-02,2.029828592416993427e-02,-6.999488329936528475e-01
-1.555847283452749252e-02,2.029828592416993427e-02,-7.009487469560168327e-01
-1.194685697555541992e-02,2.029828592416993427e-02,-7.039485484427391304e-01
-8.315635845065116882e-03,2.029828592416993427e-02,-7.079482042921952933e-01
-4.629577975720167160e-03,2.029828592416993427e-02,-7.099480918165534948e-01
-7.341836392879486084e-02,2.029828592416993427e-02,-6.940125116356348212e-01
-6.979241222143173218e-02,2.029828592416993427e-02,-6.940125116356348212e-01
-6.616645306348800659e-02,2.029828592416993427e-02,-6.940125116356348212e-01
-6.245039030909538269e-02,2.029828592416993427e-02,-6.930125064893400966e-01
-5.882966145873069763e-02,2.029828592416993427e-02,-6.930125064893400966e-01
-5.520893260836601257e-02,2.029828592416993427e-02,-6.930125064893400966e-01
-5.166264623403549194e-02,2.029828592416993427e-02,-6.940125116356348212e-01
-4.803669080138206482e-02,2.029828592416993427e-02,-6.940125116356348212e-01
-4.447473585605621338e-02,2.029828592416993427e-02,-6.950125763856231931e-01
-4.090232029557228088e-02,2.029828592416993427e-02,-6.960125815237910851e-01
-3.731945902109146118e-02,2.029828592416993427e-02,-6.970125866700858097e-01
-3.367783501744270325e-02,2.029828592416993427e-02,-6.970125866700858097e-01
-3.012239560484886169e-02,2.029828592416993427e-02,-6.990126565663690172e-01
-2.647031471133232117e-02,2.029828592416993427e-02,-6.990126565663690172e-01
-2.288352511823177338e-02,2.029828592416993427e-02,-7.010126668589584664e-01
-1.924841850996017456e-02,2.029828592416993427e-02,-7.020126720052533020e-01
-1.562505774199962616e-02,2.029828592416993427e-02,-7.040127419015365096e-01
-1.199776586145162582e-02,2.029828592416993427e-02,-7.070127573404209054e-01
-8.350872434675693512e-03,2.029828592416993427e-02,-7.110128375211666185e-01
-4.649139940738677979e-03,2.029828592416993427e-02,-7.130129074174498260e-01
-9.265079279430210590e-04,2.029828592416993427e-02,-7.150129177100392752e-01
-7.341836392879486084e-02,2.029828592416993427e-02,-6.940757932429344468e-01
-6.979241222143173218e-02,2.029828592416993427e-02,-6.940757932429344468e-01
-6.616645306348800659e-02,2.029828592416993427e-02,-6.940757932429344468e-01
-6.254050880670547485e-02,2.029828592416993427e-02,-6.940757932429344468e-01
-5.891454964876174927e-02,2.029828592416993427e-02,-6.940757932429344468e-01
-5.528860166668891907e-02,2.029828592416993427e-02,-6.940757932429344468e-01
-5.173708871006965637e-02,2.029828592416993427e-02,-6.950759491849803906e-01
-4.810591042041778564e-02,2.029828592416993427e-02,-6.950759491849803906e-01
-4.453872516751289368e-02,2.029828592416993427e-02,-6.960760455152059656e-01
-4.096108675003051758e-02,2.029828592416993427e-02,-6.970761418454314295e-01
-3.731945902109146118e-02,2.029828592416993427e-02,-6.970761418454314295e-01
-3.372615203261375427e-02,2.029828592416993427e-02,-6.980762381756570045e-01
-3.012239560484886169e-02,2.029828592416993427e-02,-6.990763941014491722e-01
-2.647031471133232117e-02,2.029828592416993427e-02,-6.990763941014491722e-01
-2.288352511823177338e-02,2.029828592416993427e-02,-7.010765867619002112e-01
-1.927583850920200348e-02,2.029828592416993427e-02,-7.030767794223513611e-01
-1.566944643855094910e-02,2.029828592416993427e-02,-7.060771280085945678e-01
-1.203170698136091232e-02,2.029828592416993427e-02,-7.090774766110916616e-01
-8.374363183975219727e-03,2.029828592416993427e-02,-7.130779215275603322e-01
-4.662180785089731216e-03,2.029828592416993427e-02,-7.150781141880113712e-01
-9.290995076298713684e-04,2.029828592416993427e-02,-7.170783068484624101e-01
-7.352416217327117920e-02,2.029828592416993427e-02,-6.951393219843376992e-01
-6.989298015832901001e-02,2.029828592416993427e-02,-6.951393219843376992e-01
-6.626179814338684082e-02,2.029828592416993427e-02,-6.951393219843376992e-01
-6.272073835134506226e-02,2.029828592416993427e-02,-6.961395094984939025e-01
-5.908433720469474792e-02,2.029828592416993427e-02,-6.961395094984939025e-01
-5.544793605804443359e-02,2.029828592416993427e-02,-6.961395094984939025e-01
-5.181153118610382080e-02,2.029828592416993427e-02,-6.961395094984939025e-01
-4.817512631416320801e-02,2.029828592416993427e-02,-6.961395094984939025e-01
-4.460271820425987244e-02,2.029828592416993427e-02,-6.971396970126502168e-01
-4.096108675003051758e-02,2.029828592416993427e-02,-6.971396970126502168e-01
-3.737300261855125427e-02,2.029828592416993427e-02,-6.981398845268064202e-01
-3.372615203261375427e-02,2.029828592416993427e-02,-6.981398845268064202e-01
-3.016548790037631989e-02,2.029828592416993427e-02,-7.001403191506856416e-01
-2.647031471133232117e-02,2.029828592416993427e-02,-6.991401316527832144e-01
-2.288352511823177338e-02,2.029828592416993427e-02,-7.011405066648418449e-01
-1.933067850768566132e-02,2.029828592416993427e-02,-7.051413163332875822e-01
-1.569163985550403595e-02,2.029828592416993427e-02,-7.071416913453462127e-01
-1.204867660999298096e-02,2.029828592416993427e-02,-7.101423134996355246e-01
-8.386108092963695526e-03,2.029828592416993427e-02,-7.141431231518271527e-01
-4.668700974434614182e-03,2.029828592416993427e-02,-7.161434981801396704e-01
-9.303953847847878933e-04,2.029828592416993427e-02,-7.181439328202726680e-01
-6.989298015832901001e-02,2.029828592416993427e-02,-6.952026947674411206e-01
-6.635714322328567505e-02,2.029828592416993427e-02,-6.962029734817819504e-01
-6.281085312366485596e-02,2.029828592416993427e-02,-6.972032521636151170e-01
-5.916922539472579956e-02,2.029828592416993427e-02,-6.972032521636151170e-01
-5.552760139107704163e-02,2.029828592416993427e-02,-6.972032521636151170e-01
-5.188596993684768677e-02,2.029828592416993427e-02,-6.972032521636151170e-01
-4.817512631416320801e-02,2.029828592416993427e-02,-6.962029734817819504e-01
-4.460271820425987244e-02,2.029828592416993427e-02,-6.972032521636151170e-01
-4.096108675003051758e-02,2.029828592416993427e-02,-6.972032521636151170e-01
-3.731945902109146118e-02,2.029828592416993427e-02,-6.972032521636151170e-01
-3.372615203261375427e-02,2.029828592416993427e-02,-6.982035308454482836e-01
-3.012239560484886169e-02,2.029828592416993427e-02,-6.992038691878633694e-01
-2.647031471133232117e-02,2.029828592416993427e-02,-6.992038691878633694e-01
-2.288352511823177338e-02,2.029828592416993427e-02,-7.012044265515298136e-01
-1.933067850768566132e-02,2.029828592416993427e-02,-7.052056009719521734e-01
-1.573603041470050812e-02,2.029828592416993427e-02,-7.092067753598668700e-01
-1.206564623862504959e-02,2.029828592416993427e-02,-7.112073327235332032e-01
-8.386108092963695526e-03,2.029828592416993427e-02,-7.142082284296147332e-01
-6.645248085260391235e-02,2.029828592416993427e-02,-6.972668073308337933e-01
-6.281085312366485596e-02,2.029828592416993427e-02,-6.972668073308337933e-01
-5.916922539472579956e-02,2.029828592416993427e-02,-6.972668073308337933e-01
-5.552760139107704163e-02,2.029828592416993427e-02,-6.972668073308337933e-01
-5.188596993684768677e-02,2.029828592416993427e-02,-6.972668073308337933e-01
-4.824434220790863037e-02,2.029828592416993427e-02,-6.972668073308337933e-01
-4.460271820425987244e-02,2.029828592416993427e-02,-6.972668073308337933e-01
-4.096108675003051758e-02,2.029828592416993427e-02,-6.972668073308337933e-01
-3.731945902109146118e-02,2.029828592416993427e-02,-6.972668073308337933e-01
-3.372615203261375427e-02,2.029828592416993427e-02,-6.982671772291053625e-01
-3.016548790037631989e-02,2.029828592416993427e-02,-7.002679765887075414e-01
-2.650818414986133575e-02,2.029828592416993427e-02,-7.002679765887075414e-01
-2.288352511823177338e-02,2.029828592416993427e-02,-7.012683464869791106e-01
-1.933067850768566132e-02,2.029828592416993427e-02,-7.052698856106168757e-01
-1.573603041470050812e-02,2.029828592416993427e-02,-7.092714247342544187e-01
-1.206564623862504959e-02,2.029828592416993427e-02,-7.112721644982898939e-01
-8.374363183975219727e-03,2.029828592416993427e-02,-7.132729638578920728e-01
-7.373573631048202515e-02,-3.960706862684890139e-02,-6.973303624980525806e-01
-7.009410858154296875e-02,-3.960706862684890139e-02,-6.973303624980525806e-01
-6.645248085260391235e-02,-3.960706862684890139e-02,-6.973303624980525806e-01
-6.281085312366485596e-02,-3.960706862684890139e-02,-6.973303624980525806e-01
-5.916922539472579956e-02,-3.960706862684890139e-02,-6.973303624980525806e-01
-5.552760139107704163e-02,-3.960706862684890139e-02,-6.973303624980525806e-01
-5.188596993684768677e-02,-3.960706862684890139e-02,-6.973303624980525806e-01
-4.824434220790863037e-02,-3.960706862684890139e-02,-6.973303624980525806e-01
-4.460271820425987244e-02,-3.960706862684890139e-02,-6.973303624980525806e-01
-4.101985320448875427e-02,-3.960706862684890139e-02,-6.983308235477472259e-01
-3.737300261855125427e-02,-3.960706862684890139e-02,-6.983308235477472259e-01
-3.382278978824615479e-02,-3.960706862684890139e-02,-7.003318053077184357e-01
-3.016548790037631989e-02,-3.960706862684890139e-02,-7.003318053077184357e-01
-2.654605172574520111e-02,-3.960706862684890139e-02,-7.013322663574131921e-01
-2.291616983711719513e-02,-3.960706862684890139e-02,-7.023327274396153896e-01
-1.933067850768566132e-02,-3.960706862684890139e-02,-7.053341702492814669e-01
-1.569163985550403595e-02,-3.960706862684890139e-02,-7.073350923486707575e-01
-1.204867660999298096e-02,-3.960706862684890139e-02,-7.103365351583367238e-01
-8.350872434675693512e-03,-3.960706862684890139e-02,-7.113369962080313691e-01
-7.029524445533752441e-02,-3.960706862684890139e-02,-6.993950817931040564e-01
-6.664316356182098389e-02,-3.960706862684890139e-02,-6.993950817931040564e-01
-6.299109011888504028e-02,-3.960706862684890139e-02,-6.993950817931040564e-01
-5.933901295065879822e-02,-3.960706862684890139e-02,-6.993950817931040564e-01
-5.560726672410964966e-02,-3.960706862684890139e-02,-6.983944698988966415e-01
-5.203485861420631409e-02,-3.960706862684890139e-02,-6.993950817931040564e-01
-4.838277772068977356e-02,-3.960706862684890139e-02,-6.993950817931040564e-01
-4.473070427775382996e-02,-3.960706862684890139e-02,-6.993950817931040564e-01
-4.113739356398582458e-02,-3.960706862684890139e-02,-7.003956340267294411e-01
-3.753363341093063354e-02,-3.960706862684890139e-02,-7.013961862603548258e-01
-3.387110680341720581e-02,-3.960706862684890139e-02,-7.013961862603548258e-01
-3.020858019590377808e-02,-3.960706862684890139e-02,-7.013961862603548258e-01
-2.654605172574520111e-02,-3.960706862684890139e-02,-7.013961862603548258e-01
-2.291616983711719513e-02,-3.960706862684890139e-02,-7.023967384939802105e-01
-1.933067850768566132e-02,-3.960706862684890139e-02,-7.053984548554385059e-01
-1.566944643855094910e-02,-3.960706862684890139e-02,-7.063990071215715538e-01
-1.199776586145162582e-02,-3.960706862684890139e-02,-7.073995593551969385e-01
-8.327381685376167297e-03,-3.960706862684890139e-02,-7.094007234830297381e-01
-7.049637287855148315e-02,-3.960706862684890139e-02,-7.014601061958041228e-01
-6.683384627103805542e-02,-3.960706862684890139e-02,-7.014601061958041228e-01
-6.317131966352462769e-02,-3.960706862684890139e-02,-7.014601061958041228e-01
-5.950879305601119995e-02,-3.960706862684890139e-02,-7.014601061958041228e-01
-5.584626644849777222e-02,-3.960706862684890139e-02,-7.014601061958041228e-01
-5.218373984098434448e-02,-3.960706862684890139e-02,-7.014601061958041228e-01
-4.852120950818061829e-02,-3.960706862684890139e-02,-7.014601061958041228e-01
-4.485868662595748901e-02,-3.960706862684890139e-02,-7.014601061958041228e-01
-4.119616001844406128e-02,-3.960706862684890139e-02,-7.014601061958041228e-01
-3.753363341093063354e-02,-3.960706862684890139e-02,-7.014601061958041228e-01
-3.391942381858825684e-02,-3.960706862684890139e-02,-7.024607496133602469e-01
-3.025167435407638550e-02,-3.960706862684890139e-02,-7.024607496133602469e-01
-2.658392116427421570e-02,-3.960706862684890139e-02,-7.024607496133602469e-01
-2.294881269335746765e-02,-3.960706862684890139e-02,-7.034613930309165930e-01
-1.930325850844383240e-02,-3.960706862684890139e-02,-7.044620961090546363e-01
-1.564725115895271301e-02,-3.960706862684890139e-02,-7.054627395266107603e-01
-1.198079623281955719e-02,-3.960706862684890139e-02,-7.064633829441668844e-01
-8.303890936076641083e-03,-3.960706862684890139e-02,-7.074640263617230085e-01
-7.059693336486816406e-02,-3.960706862684890139e-02,-7.025247607327403943e-01
-6.702452152967453003e-02,-3.960706862684890139e-02,-7.035254953017197055e-01
-6.335154920816421509e-02,-3.960706862684890139e-02,-7.035254953017197055e-01
-5.959368124604225159e-02,-3.960706862684890139e-02,-7.025247607327403943e-01
-5.592593550682067871e-02,-3.960706862684890139e-02,-7.025247607327403943e-01
-5.225818231701850891e-02,-3.960706862684890139e-02,-7.025247607327403943e-01
-4.865964502096176147e-02,-3.960706862684890139e-02,-7.035254953017197055e-01
-4.498666897416114807e-02,-3.960706862684890139e-02,-7.035254953017197055e-01
-4.131369292736053467e-02,-3.960706862684890139e-02,-7.035254953017197055e-01
-3.769426420331001282e-02,-3.960706862684890139e-02,-7.045262895962962624e-01
-3.391942381858825684e-02,-3.960706862684890139e-02,-7.025247607327403943e-01
-3.025167435407638550e-02,-3.960706862684890139e-02,-7.025247607327403943e-01
-2.658392116427421570e-02,-3.960706862684890139e-02,-7.025247607327403943e-01
-2.294881269335746765e-02,-3.960706862684890139e-02,-7.035254953017197055e-01
-1.930325850844383240e-02,-3.960706862684890139e-02,-7.045262895962962624e-01
-1.562505774199962616e-02,-3.960706862684890139e-02,-7.045262895962962624e-01
-1.196382660418748856e-02,-3.960706862684890139e-02,-7.055270241652754626e-01
-8.280401118099689484e-03,-3.960706862684890139e-02,-7.055270241652754626e-01
-4.596975166350603104e-03,-3.960706862684890139e-02,-7.055270241652754626e-01
-7.394732534885406494e-02,-3.960706862684890139e-02,-6.995862944308522957e-01
-7.039580494165420532e-02,-3.960706862684890139e-02,-7.005871202162698985e-01
-6.683384627103805542e-02,-3.960706862684890139e-02,-7.015879460016875013e-01
-6.335154920816421509e-02,-3.960706862684890139e-02,-7.035895975725229290e-01
-5.967857316136360168e-02,-3.960706862684890139e-02,-7.035895975725229290e-01
-5.592593550682067871e-02,-3.960706862684890139e-02,-7.025887717871051041e-01
-5.233262106776237488e-02,-3.960706862684890139e-02,-7.035895975725229290e-01
-4.879808053374290466e-02,-3.960706862684890139e-02,-7.055913088039400538e-01
-4.511465877294540405e-02,-3.960706862684890139e-02,-7.055913088039400538e-01
-4.143122956156730652e-02,-3.960706862684890139e-02,-7.055913088039400538e-01
-3.774780407547950745e-02,-3.960706862684890139e-02,-7.055913088039400538e-01
-3.396774083375930786e-02,-3.960706862684890139e-02,-7.035895975725229290e-01
-3.025167435407638550e-02,-3.960706862684890139e-02,-7.025887717871051041e-01
-2.658392116427421570e-02,-3.960706862684890139e-02,-7.025887717871051041e-01
-2.291616983711719513e-02,-3.960706862684890139e-02,-7.025887717871051041e-01
-1.924841850996017456e-02,-3.960706862684890139e-02,-7.025887717871051041e-01
-1.560286153107881546e-02,-3.960706862684890139e-02,-7.035895975725229290e-01
-1.194685697555541992e-02,-3.960706862684890139e-02,-7.045904830185224510e-01
-8.280401118099689484e-03,-3.960706862684890139e-02,-7.055913088039400538e-01
-4.596975166350603104e-03,-3.960706862684890139e-02,-7.055913088039400538e-01
-7.352416217327117920e-02,-3.960706862684890139e-02,-6.956463043629418364e-01
-6.999354809522628784e-02,-3.960706862684890139e-02,-6.966472213647978418e-01
-6.645248085260391235e-02,-3.960706862684890139e-02,-6.976481383016385207e-01
-6.299109011888504028e-02,-3.960706862684890139e-02,-6.996500319659325617e-01
-5.933901295065879822e-02,-3.960706862684890139e-02,-6.996500319659325617e-01
-5.560726672410964966e-02,-3.960706862684890139e-02,-6.986490553034945261e-01
-5.203485861420631409e-02,-3.960706862684890139e-02,-6.996500319659325617e-01
-4.845199361443519592e-02,-3.960706862684890139e-02,-7.006509489027732407e-01
-4.492267966270446777e-02,-3.960706862684890139e-02,-7.026527828414699250e-01
-4.125492647290229797e-02,-3.960706862684890139e-02,-7.026527828414699250e-01
-3.764071688055992126e-02,-3.960706862684890139e-02,-7.036536998433260415e-01
-3.396774083375930786e-02,-3.960706862684890139e-02,-7.036536998433260415e-01
-3.025167435407638550e-02,-3.960706862684890139e-02,-7.026527828414699250e-01
-2.658392116427421570e-02,-3.960706862684890139e-02,-7.026527828414699250e-01
-2.291616983711719513e-02,-3.960706862684890139e-02,-7.026527828414699250e-01
-1.924841850996017456e-02,-3.960706862684890139e-02,-7.026527828414699250e-01
-1.560286153107881546e-02,-3.960706862684890139e-02,-7.036536998433260415e-01
-1.194685697555541992e-02,-3.960706862684890139e-02,-7.046546764407487506e-01
-8.280401118099689484e-03,-3.960706862684890139e-02,-7.056555934426047560e-01
-4.596975166350603104e-03,-3.960706862684890139e-02,-7.056555934426047560e-01
-9.148455574177205563e-04,-3.960706862684890139e-02,-7.066565103794454350e-01
-7.671127468347549438e-02,-3.960706862684890139e-02,-6.917055848886006775e-01
-7.310099899768829346e-02,-3.960706862684890139e-02,-6.917055848886006775e-01
-6.959128379821777344e-02,-3.960706862684890139e-02,-6.927065930418797590e-01
-6.616645306348800659e-02,-3.960706862684890139e-02,-6.947086093484380331e-01
-6.263062357902526855e-02,-3.960706862684890139e-02,-6.957096771622990339e-01
-5.908433720469474792e-02,-3.960706862684890139e-02,-6.967106853155781154e-01
-5.544793605804443359e-02,-3.960706862684890139e-02,-6.967106853155781154e-01
-5.181153118610382080e-02,-3.960706862684890139e-02,-6.967106853155781154e-01
-4.824434220790863037e-02,-3.960706862684890139e-02,-6.977116934688573080e-01
-4.466670751571655273e-02,-3.960706862684890139e-02,-6.987127016221363895e-01
-4.113739356398582458e-02,-3.960706862684890139e-02,-7.007147775892765829e-01
-3.758717328310012817e-02,-3.960706862684890139e-02,-7.027167939608499614e-01
-3.391942381858825684e-02,-3.960706862684890139e-02,-7.027167939608499614e-01
-3.025167435407638550e-02,-3.960706862684890139e-02,-7.027167939608499614e-01
-2.658392116427421570e-02,-3.960706862684890139e-02,-7.027167939608499614e-01
-2.291616983711719513e-02,-3.960706862684890139e-02,-7.027167939608499614e-01
-1.924841850996017456e-02,-3.960706862684890139e-02,-7.027167939608499614e-01
-1.560286153107881546e-02,-3.960706862684890139e-02,-7.037178021141292650e-01
-1.192988641560077667e-02,-3.960706862684890139e-02,-7.037178021141292650e-01
-8.280401118099689484e-03,-3.960706862684890139e-02,-7.057198780812694583e-01
-4.596975166350603104e-03,-3.960706862684890139e-02,-7.057198780812694583e-01
-9.148455574177205563e-04,-3.960706862684890139e-02,-7.067208862345485398e-01
-7.278362661600112915e-02,-3.960706862684890139e-02,-6.887652353125310878e-01
-6.928958743810653687e-02,-3.960706862684890139e-02,-6.897663346172333565e-01
-6.588044017553329468e-02,-3.960706862684890139e-02,-6.917685930172502440e-01
-6.245039030909538269e-02,-3.960706862684890139e-02,-6.937707916916698858e-01
-5.882966145873069763e-02,-3.960706862684890139e-02,-6.937707916916698858e-01
-5.520893260836601257e-02,-3.960706862684890139e-02,-6.937707916916698858e-01
-5.143932253122329712e-02,-3.960706862684890139e-02,-6.917685930172502440e-01
-4.775982350111007690e-02,-3.960706862684890139e-02,-6.907674936475327598e-01
-4.415477067232131958e-02,-3.960706862684890139e-02,-6.907674936475327598e-01
-4.072601720690727234e-02,-3.960706862684890139e-02,-6.937707916916698858e-01
-3.731945902109146118e-02,-3.960706862684890139e-02,-6.977752487010913107e-01
-3.377447277307510376e-02,-3.960706862684890139e-02,-6.997775070360929828e-01
-3.016548790037631989e-02,-3.960706862684890139e-02,-7.007786064058103559e-01
-2.654605172574520111e-02,-3.960706862684890139e-02,-7.017797057105126246e-01
-2.288352511823177338e-02,-3.960706862684890139e-02,-7.017797057105126246e-01
-1.922100037336349487e-02,-3.960706862684890139e-02,-7.017797057105126246e-01
-1.558066718280315399e-02,-3.960706862684890139e-02,-7.027808050802301088e-01
-1.192988641560077667e-02,-3.960706862684890139e-02,-7.037819043849323775e-01
-8.268656209111213684e-03,-3.960706862684890139e-02,-7.047830634152318918e-01
-4.590454977005720139e-03,-3.960706862684890139e-02,-7.047830634152318918e-01
-9.135497966781258583e-04,-3.960706862684890139e-02,-7.057841627199340495e-01
-7.267783582210540771e-02,-3.960706862684890139e-02,-6.878267793357402127e-01
-6.918901950120925903e-02,-3.960706862684890139e-02,-6.888279698568807730e-01
-6.568975001573562622e-02,-3.960706862684890139e-02,-6.898291603780213332e-01
-6.218004599213600159e-02,-3.960706862684890139e-02,-6.908304105597439237e-01
-5.857498943805694580e-02,-3.960706862684890139e-02,-6.908304105597439237e-01
-5.481060221791267395e-02,-3.960706862684890139e-02,-6.888279698568807730e-01
-5.099267140030860901e-02,-3.960706862684890139e-02,-6.858243982934590921e-01
-4.727530106902122498e-02,-3.960706862684890139e-02,-6.838219575905959413e-01
-4.357884079217910767e-02,-3.960706862684890139e-02,-6.818195765483148207e-01
-4.013834148645401001e-02,-3.960706862684890139e-02,-6.838219575905959413e-01
-3.678403049707412720e-02,-3.960706862684890139e-02,-6.878267793357402127e-01
-3.338792547583580017e-02,-3.960706862684890139e-02,-6.918316010808844840e-01
-2.995002083480358124e-02,-3.960706862684890139e-02,-6.958364228260288664e-01
-2.639457583427429199e-02,-3.960706862684890139e-02,-6.978388038683099870e-01
-2.288352511823177338e-02,-3.960706862684890139e-02,-7.018436256784695848e-01
-1.922100037336349487e-02,-3.960706862684890139e-02,-7.018436256784695848e-01
-1.558066718280315399e-02,-3.960706862684890139e-02,-7.028448161996101451e-01
-1.191291678696870804e-02,-3.960706862684890139e-02,-7.028448161996101451e-01
-8.245165459811687469e-03,-3.960706862684890139e-02,-7.028448161996101451e-01
-4.577413666993379593e-03,-3.960706862684890139e-02,-7.028448161996101451e-01
-9.096623398363590240e-04,-3.960706862684890139e-02,-7.028448161996101451e-01
-7.257205247879028320e-02,-3.960706862684890139e-02,-6.868881409260725324e-01
-6.908845901489257812e-02,-3.960706862684890139e-02,-6.878894225986362798e-01
-6.549907475709915161e-02,-3.960706862684890139e-02,-6.878894225986362798e-01
-6.190969794988632202e-02,-3.960706862684890139e-02,-6.878894225986362798e-01
-5.832031369209289551e-02,-3.960706862684890139e-02,-6.878894225986362798e-01
-5.457160621881484985e-02,-3.960706862684890139e-02,-6.858868591884935695e-01
-5.069490522146224976e-02,-3.960706862684890139e-02,-6.818816727076263406e-01
-4.692921787500381470e-02,-3.960706862684890139e-02,-6.788777678993226372e-01
-4.332286864519119263e-02,-3.960706862684890139e-02,-6.778764862267590008e-01
-3.978573530912399292e-02,-3.960706862684890139e-02,-6.778764862267590008e-01
-3.640922904014587402e-02,-3.960706862684890139e-02,-6.808803313094654586e-01
-3.304969519376754761e-02,-3.960706862684890139e-02,-6.848855177903326874e-01
-2.973455190658569336e-02,-3.960706862684890139e-02,-6.908933274069398722e-01
-2.628096938133239746e-02,-3.960706862684890139e-02,-6.948984542272251819e-01
-2.275294996798038483e-02,-3.960706862684890139e-02,-6.979023590355287743e-01
-1.922100037336349487e-02,-3.960706862684890139e-02,-7.019075455163960031e-01
-1.555847283452749252e-02,-3.960706862684890139e-02,-7.019075455163960031e-01
-1.189594622701406479e-02,-3.960706862684890139e-02,-7.019075455163960031e-01
-8.233419619500637054e-03,-3.960706862684890139e-02,-7.019075455163960031e-01
-4.570893011987209320e-03,-3.960706862684890139e-02,-7.019075455163960031e-01
-9.070707019418478012e-04,-3.960706862684890139e-02,-7.009062637788170402e-01
-7.257205247879028320e-02,-3.960706862684890139e-02,-6.869506931025608498e-01
-6.898789107799530029e-02,-3.960706862684890139e-02,-6.869506931025608498e-01
-6.549907475709915161e-02,-3.960706862684890139e-02,-6.879520659915628888e-01
-6.190969794988632202e-02,-3.960706862684890139e-02,-6.879520659915628888e-01
-5.815053358674049377e-02,-3.960706862684890139e-02,-6.859493202135586998e-01
-5.433260276913642883e-02,-3.960706862684890139e-02,-6.829451418859705525e-01
-5.039713531732559204e-02,-3.960706862684890139e-02,-6.779382177153628897e-01
-4.672156274318695068e-02,-3.960706862684890139e-02,-6.759354122767767814e-01
-4.306690022349357605e-02,-3.960706862684890139e-02,-6.739326664987727034e-01
-3.960943222045898438e-02,-3.960706862684890139e-02,-6.749340393877747424e-01
-3.619505837559700012e-02,-3.960706862684890139e-02,-6.769368448263608506e-01
-3.285642340779304504e-02,-3.960706862684890139e-02,-6.809423363823692288e-01
-2.951908484101295471e-02,-3.960706862684890139e-02,-6.859493202135586998e-01
-2.616736479103565216e-02,-3.960706862684890139e-02,-6.919576172081530752e-01
-2.272030524909496307e-02,-3.960706862684890139e-02,-6.969645413137454115e-01
-1.919358037412166595e-02,-3.960706862684890139e-02,-7.009700925303355978e-01
-1.555847283452749252e-02,-3.960706862684890139e-02,-7.019714654193376369e-01
-1.187897659838199615e-02,-3.960706862684890139e-02,-7.009700925303355978e-01
-8.209929801523685455e-03,-3.960706862684890139e-02,-6.999687196413335588e-01
-4.557852167636156082e-03,-3.960706862684890139e-02,-6.999687196413335588e-01
-9.044790640473365784e-04,-3.960706862684890139e-02,-6.989672870917494896e-01
-7.257205247879028320e-02,-3.960706862684890139e-02,-6.870132451490184033e-01
-6.908845901489257812e-02,-3.960706862684890139e-02,-6.880147092544588450e-01
-6.549907475709915161e-02,-3.960706862684890139e-02,-6.880147092544588450e-01
-6.172946840524673462e-02,-3.960706862684890139e-02,-6.860117811736086146e-01
-5.798074975609779358e-02,-3.960706862684890139e-02,-6.840087932371303747e-01
-5.417326837778091431e-02,-3.960706862684890139e-02,-6.810043413252423461e-01
-5.024825036525726318e-02,-3.960706862684890139e-02,-6.759969613325039761e-01
-4.665234684944152832e-02,-3.960706862684890139e-02,-6.749954972270635345e-01
-4.300290718674659729e-02,-3.960706862684890139e-02,-6.729925691462131931e-01
-3.955066204071044922e-02,-3.960706862684890139e-02,-6.739940332516536348e-01
-3.608797118067741394e-02,-3.960706862684890139e-02,-6.749954972270635345e-01
-3.271146863698959351e-02,-3.960706862684890139e-02,-6.779999491389515631e-01
-2.943289652466773987e-02,-3.960706862684890139e-02,-6.840087932371303747e-01
-2.609162591397762299e-02,-3.960706862684890139e-02,-6.900176373353091863e-01
-2.268766239285469055e-02,-3.960706862684890139e-02,-6.960265411590852436e-01
-1.919358037412166595e-02,-3.960706862684890139e-02,-7.010339211518236135e-01
-1.555847283452749252e-02,-3.960706862684890139e-02,-7.020353852572640552e-01
-1.187897659838199615e-02,-3.960706862684890139e-02,-7.010339211518236135e-01
-8.209929801523685455e-03,-3.960706862684890139e-02,-7.000324571764137138e-01
-4.551331512629985809e-03,-3.960706862684890139e-02,-6.990309333453760265e-01
-9.031832451000809669e-04,-3.960706862684890139e-02,-6.980294693699661268e-01
-7.257205247879028320e-02,-3.960706862684890139e-02,-6.870757973905219362e-01
-6.898789107799530029e-02,-3.960706862684890139e-02,-6.870757973905219362e-01
-6.530839204788208008e-02,-3.960706862684890139e-02,-6.860742421336584185e-01
-6.154923141002655029e-02,-3.960706862684890139e-02,-6.840710718943340263e-01
-5.772607401013374329e-02,-3.960706862684890139e-02,-6.810663463981461163e-01
-5.409360304474830627e-02,-3.960706862684890139e-02,-6.800647911412825986e-01
-5.039713531732559204e-02,-3.960706862684890139e-02,-6.780616807575859939e-01
-4.665234684944152832e-02,-3.960706862684890139e-02,-6.750569552613980839e-01
-4.313089326024055481e-02,-3.960706862684890139e-02,-6.750569552613980839e-01
-3.966819867491722107e-02,-3.960706862684890139e-02,-6.760585105182616017e-01
-3.624860197305679321e-02,-3.960706862684890139e-02,-6.780616807575859939e-01
-3.285642340779304504e-02,-3.960706862684890139e-02,-6.810663463981461163e-01
-2.960527129471302032e-02,-3.960706862684890139e-02,-6.880773526473854540e-01
-2.616736479103565216e-02,-3.960706862684890139e-02,-6.920836332704063398e-01
-2.275294996798038483e-02,-3.960706862684890139e-02,-6.980930245371849141e-01
-1.922100037336349487e-02,-3.960706862684890139e-02,-7.020993051602057999e-01
-1.555847283452749252e-02,-3.960706862684890139e-02,-7.020993051602057999e-01
-1.189594622701406479e-02,-3.960706862684890139e-02,-7.020993051602057999e-01
-8.221674710512161255e-03,-3.960706862684890139e-02,-7.010977500333728241e-01
-4.557852167636156082e-03,-3.960706862684890139e-02,-7.000961947765091953e-01
-9.057749412022531033e-04,-3.960706862684890139e-02,-7.000961947765091953e-01
-7.257205247879028320e-02,-3.960706862684890139e-02,-6.871383495019949272e-01
-6.898789107799530029e-02,-3.960706862684890139e-02,-6.871383495019949272e-01
-6.530839204788208008e-02,-3.960706862684890139e-02,-6.861367030937082223e-01
-6.154923141002655029e-02,-3.960706862684890139e-02,-6.841333505515376778e-01
-5.781096592545509338e-02,-3.960706862684890139e-02,-6.821300576049338371e-01
-5.417326837778091431e-02,-3.960706862684890139e-02,-6.811283514710498865e-01
-5.062045902013778687e-02,-3.960706862684890139e-02,-6.811283514710498865e-01
-4.692921787500381470e-02,-3.960706862684890139e-02,-6.791250586544765877e-01
-4.351484403014183044e-02,-3.960706862684890139e-02,-6.811283514710498865e-01
-4.007957130670547485e-02,-3.960706862684890139e-02,-6.831317041432510839e-01
-3.656985983252525330e-02,-3.960706862684890139e-02,-6.841333505515376778e-01
-3.319464996457099915e-02,-3.960706862684890139e-02,-6.881399960403120630e-01
-2.973455190658569336e-02,-3.960706862684890139e-02,-6.911449949907693124e-01
-2.628096938133239746e-02,-3.960706862684890139e-02,-6.951515807539464520e-01
-2.275294996798038483e-02,-3.960706862684890139e-02,-6.981565797044035904e-01
-1.922100037336349487e-02,-3.960706862684890139e-02,-7.021632251931779756e-01
-1.558066718280315399e-02,-3.960706862684890139e-02,-7.031648716014646805e-01
-1.191291678696870804e-02,-3.960706862684890139e-02,-7.031648716014646805e-01
-8.233419619500637054e-03,-3.960706862684890139e-02,-7.021632251931779756e-01
-4.570893011987209320e-03,-3.960706862684890139e-02,-7.021632251931779756e-01
-9.083665208891034126e-04,-3.960706862684890139e-02,-7.021632251931779756e-01
-7.267783582210540771e-02,-3.960706862684890139e-02,-6.882026393032081302e-01
-6.898789107799530029e-02,-3.960706862684890139e-02,-6.872009016134678072e-01
-6.530839204788208008e-02,-3.960706862684890139e-02,-6.861991640537581372e-01
-6.154923141002655029e-02,-3.960706862684890139e-02,-6.841956290787107875e-01
-5.781096592545509338e-02,-3.960706862684890139e-02,-6.821921538292606835e-01
-5.417326837778091431e-02,-3.960706862684890139e-02,-6.811903565439536568e-01
-5.062045902013778687e-02,-3.960706862684890139e-02,-6.811903565439536568e-01
-4.706764966249465942e-02,-3.960706862684890139e-02,-6.811903565439536568e-01
-4.377081617712974548e-02,-3.960706862684890139e-02,-6.851973666384205686e-01
-4.043217748403549194e-02,-3.960706862684890139e-02,-6.892043768629179112e-01
-3.694466128945350647e-02,-3.960706862684890139e-02,-6.912079118379651499e-01
-3.333960846066474915e-02,-3.960706862684890139e-02,-6.912079118379651499e-01
-2.990692481398582458e-02,-3.960706862684890139e-02,-6.952148623368652469e-01
-2.635670825839042664e-02,-3.960706862684890139e-02,-6.972183971818820547e-01
-2.275294996798038483e-02,-3.960706862684890139e-02,-6.982201348716223777e-01
-1.916616223752498627e-02,-3.960706862684890139e-02,-7.002236697166390744e-01
-1.558066718280315399e-02,-3.960706862684890139e-02,-7.032288826558295014e-01
-1.191291678696870804e-02,-3.960706862684890139e-02,-7.032288826558295014e-01
-8.245165459811687469e-03,-3.960706862684890139e-02,-7.032288826558295014e-01
-4.577413666993379593e-03,-3.960706862684890139e-02,-7.032288826558295014e-01
-9.096623398363590240e-04,-3.960706862684890139e-02,-7.032288826558295014e-01
-7.267783582210540771e-02,-3.960706862684890139e-02,-6.882652825661041973e-01
-6.908845901489257812e-02,-3.960706862684890139e-02,-6.882652825661041973e-01
-6.540373712778091431e-02,-3.960706862684890139e-02,-6.872634538549713401e-01
-6.163934618234634399e-02,-3.960706862684890139e-02,-6.852597364470472963e-01
-5.781096592545509338e-02,-3.960706862684890139e-02,-6.822542500535876409e-01
-5.417326837778091431e-02,-3.960706862684890139e-02,-6.812523616168575380e-01
-5.062045902013778687e-02,-3.960706862684890139e-02,-6.812523616168575380e-01
-4.713686928153038025e-02,-3.960706862684890139e-02,-6.822542500535876409e-01
-4.389880225062370300e-02,-3.960706862684890139e-02,-6.872634538549713401e-01
-4.072601720690727234e-02,-3.960706862684890139e-02,-6.942763150786207538e-01
-3.726591914892196655e-02,-3.960706862684890139e-02,-6.972818611976776548e-01
-3.358119726181030273e-02,-3.960706862684890139e-02,-6.962800324865447976e-01
-2.995002083480358124e-02,-3.960706862684890139e-02,-6.962800324865447976e-01
-2.635670825839042664e-02,-3.960706862684890139e-02,-6.972818611976776548e-01
-2.275294996798038483e-02,-3.960706862684890139e-02,-6.982836900388410539e-01
-1.913874037563800812e-02,-3.960706862684890139e-02,-6.992855188800044530e-01
-1.555847283452749252e-02,-3.960706862684890139e-02,-7.022910649990613541e-01
-1.191291678696870804e-02,-3.960706862684890139e-02,-7.032928937101942113e-01
-8.256910368800163269e-03,-3.960706862684890139e-02,-7.042947225513577214e-01
-4.583934321999549866e-03,-3.960706862684890139e-02,-7.042947225513577214e-01
-9.109581005759537220e-04,-3.960706862684890139e-02,-7.042947225513577214e-01
-7.626722007989883423e-02,-9.951242317786772318e-02,-6.883279258290001534e-01
-7.267783582210540771e-02,-9.951242317786772318e-02,-6.883279258290001534e-01
-6.908845901489257812e-02,-9.951242317786772318e-02,-6.883279258290001534e-01
-6.540373712778091431e-02,-9.951242317786772318e-02,-6.873260059664442201e-01
-6.163934618234634399e-02,-9.951242317786772318e-02,-6.853221062556740240e-01
-5.789585784077644348e-02,-9.951242317786772318e-02,-6.833182662705009625e-01
-5.417326837778091431e-02,-3.960706862684890139e-02,-6.813143665597306553e-01
-5.062045902013778687e-02,-3.960706862684890139e-02,-6.813143665597306553e-01
-4.727530106902122498e-02,-9.951242317786772318e-02,-6.843201862630874377e-01
-4.396279528737068176e-02,-9.951242317786772318e-02,-6.883279258290001534e-01
-4.078478366136550903e-02,-9.951242317786772318e-02,-6.953414255027030588e-01
-3.726591914892196655e-02,-9.951242317786772318e-02,-6.973453252134732550e-01
-3.358119726181030273e-02,-9.951242317786772318e-02,-6.963434052208867797e-01
-2.995002083480358124e-02,-9.951242317786772318e-02,-6.963434052208867797e-01
-2.631883881986141205e-02,-9.951242317786772318e-02,-6.963434052208867797e-01
-2.272030524909496307e-02,-9.951242317786772318e-02,-6.973453252134732550e-01
-1.911132223904132843e-02,-9.951242317786772318e-02,-6.983472452060598412e-01
-1.555847283452749252e-02,-9.951242317786772318e-02,-7.023549847719725570e-01
-1.191291678696870804e-02,-9.951242317786772318e-02,-7.033569047645590322e-01
-8.256910368800163269e-03,-9.951242317786772318e-02,-7.043588247571456185e-01
-4.583934321999549866e-03,-9.951242317786772318e-02,-7.043588247571456185e-01
-9.122539777308702469e-04,-9.951242317786772318e-02,-7.053608044753294504e-01
-7.637822628021240234e-02,-9.951242317786772318e-02,-6.893925803659364249e-01
-7.267783582210540771e-02,-9.951242317786772318e-02,-6.883905692219267625e-01
-6.908845901489257812e-02,-9.951242317786772318e-02,-6.883905692219267625e-01
-6.549907475709915161e-02,-9.951242317786772318e-02,-6.883905692219267625e-01
-6.181958317756652832e-02,-9.951242317786772318e-02,-6.873885580779172111e-01
-5.798074975609779358e-02,-9.951242317786772318e-02,-6.843824649202910892e-01
-5.433260276913642883e-02,-9.951242317786772318e-02,-6.833804536462509960e-01
-5.084378644824028015e-02,-9.951242317786772318e-02,-6.843824649202910892e-01
-4.734451696276664734e-02,-9.951242317786772318e-02,-6.853844760643007517e-01
-4.402678459882736206e-02,-9.951242317786772318e-02,-6.893925803659364249e-01
-4.072601720690727234e-02,-9.951242317786772318e-02,-6.944026959416123024e-01
-3.721237555146217346e-02,-9.951242317786772318e-02,-6.964067780852593037e-01
-3.353287652134895325e-02,-9.951242317786772318e-02,-6.954047070856218538e-01
-2.990692481398582458e-02,-9.951242317786772318e-02,-6.954047070856218538e-01
-2.628096938133239746e-02,-9.951242317786772318e-02,-6.954047070856218538e-01
-2.272030524909496307e-02,-9.951242317786772318e-02,-6.974087892292689661e-01
-1.911132223904132843e-02,-9.951242317786772318e-02,-6.984108003732785175e-01
-1.555847283452749252e-02,-9.951242317786772318e-02,-7.024189046749141907e-01
-1.189594622701406479e-02,-9.951242317786772318e-02,-7.024189046749141907e-01
-8.256910368800163269e-03,-9.951242317786772318e-02,-7.044229270929640574e-01
-4.590454977005720139e-03,-9.951242317786772318e-02,-7.054249979625709654e-01
-9.122539777308702469e-04,-9.951242317786772318e-02,-7.054249979625709654e-01
-7.637822628021240234e-02,-9.951242317786772318e-02,-6.894553149102861100e-01
-7.267783582210540771e-02,-9.951242317786772318e-02,-6.884532124848228296e-01
-6.908845901489257812e-02,-9.951242317786772318e-02,-6.884532124848228296e-01
-6.549907475709915161e-02,-9.951242317786772318e-02,-6.884532124848228296e-01
-6.190969794988632202e-02,-9.951242317786772318e-02,-6.884532124848228296e-01
-5.823542177677154541e-02,-9.951242317786772318e-02,-6.874511101893900911e-01
-5.449193343520164490e-02,-9.951242317786772318e-02,-6.854468457428969375e-01
-5.099267140030860901e-02,-9.951242317786772318e-02,-6.864490078939574635e-01
-4.755217209458351135e-02,-9.951242317786772318e-02,-6.884532124848228296e-01
-4.409077763557434082e-02,-9.951242317786772318e-02,-6.904574172057188486e-01
-4.054971411824226379e-02,-9.951242317786772318e-02,-6.914595793567793747e-01
-3.699820488691329956e-02,-9.951242317786772318e-02,-6.924616816522121132e-01
-3.338792547583580017e-02,-9.951242317786772318e-02,-6.924616816522121132e-01
-2.990692481398582458e-02,-9.951242317786772318e-02,-6.954679886685407597e-01
-2.628096938133239746e-02,-9.951242317786772318e-02,-6.954679886685407597e-01
-2.272030524909496307e-02,-9.951242317786772318e-02,-6.974722531150340243e-01
-1.911132223904132843e-02,-9.951242317786772318e-02,-6.984743554104666519e-01
-1.553627848625183105e-02,-9.951242317786772318e-02,-7.014807222824231969e-01
-1.189594622701406479e-02,-9.951242317786772318e-02,-7.024828245778559355e-01
-8.245165459811687469e-03,-9.951242317786772318e-02,-7.034849268732885630e-01
-4.583934321999549866e-03,-9.951242317786772318e-02,-7.044870292987519544e-01
-9.122539777308702469e-04,-9.951242317786772318e-02,-7.054891913197819386e-01
-7.278362661600112915e-02,-9.951242317786772318e-02,-6.895180494546357952e-01
-6.908845901489257812e-02,-9.951242317786772318e-02,-6.885158558777494386e-01
-6.549907475709915161e-02,-9.951242317786772318e-02,-6.885158558777494386e-01
-6.190969794988632202e-02,-9.951242317786772318e-02,-6.885158558777494386e-01
-5.840520560741424561e-02,-9.951242317786772318e-02,-6.895180494546357952e-01
-5.489026755094528198e-02,-9.951242317786772318e-02,-6.905202429014916099e-01
-5.129043385386466980e-02,-9.951242317786772318e-02,-6.905202429014916099e-01
-4.769060388207435608e-02,-9.951242317786772318e-02,-6.905202429014916099e-01
-4.402678459882736206e-02,-9.951242317786772318e-02,-6.895180494546357952e-01
-4.037341102957725525e-02,-9.951242317786772318e-02,-6.885158558777494386e-01
-3.673049062490463257e-02,-9.951242317786772318e-02,-6.875136623008630821e-01
-3.319464996457099915e-02,-9.951242317786772318e-02,-6.885158558777494386e-01
-2.973455190658569336e-02,-9.951242317786772318e-02,-6.915224962039752121e-01
-2.624309994280338287e-02,-9.951242317786772318e-02,-6.945290768046038510e-01
-2.275294996798038483e-02,-9.951242317786772318e-02,-6.985379107077159810e-01
-1.913874037563800812e-02,-9.951242317786772318e-02,-6.995401041545717957e-01
-1.555847283452749252e-02,-9.951242317786772318e-02,-7.025467444807975692e-01
-1.189594622701406479e-02,-9.951242317786772318e-02,-7.025467444807975692e-01
-8.245165459811687469e-03,-9.951242317786772318e-02,-7.035489380576839258e-01
-4.583934321999549866e-03,-9.951242317786772318e-02,-7.045511316345705044e-01
-9.122539777308702469e-04,-9.951242317786772318e-02,-7.055533848070235647e-01
-7.267783582210540771e-02,-9.951242317786772318e-02,-6.885784992706760477e-01
-6.908845901489257812e-02,-9.951242317786772318e-02,-6.885784992706760477e-01
-6.540373712778091431e-02,-9.951242317786772318e-02,-6.875762145423666150e-01
-6.181958317756652832e-02,-9.951242317786772318e-02,-6.875762145423666150e-01
-5.832031369209289551e-02,-9.951242317786772318e-02,-6.885784992706760477e-01
-5.473093688488006592e-02,-9.951242317786772318e-02,-6.885784992706760477e-01
-5.114155262708663940e-02,-9.951242317786772318e-02,-6.885784992706760477e-01
-4.755217209458351135e-02,-9.951242317786772318e-02,-6.885784992706760477e-01
-4.377081617712974548e-02,-9.951242317786772318e-02,-6.855715853601503929e-01
-4.002080485224723816e-02,-9.951242317786772318e-02,-6.825647311752219837e-01
-3.640922904014587402e-02,-9.951242317786772318e-02,-6.815623867213151943e-01
-3.285642340779304504e-02,-9.951242317786772318e-02,-6.815623867213151943e-01
-2.943289652466773987e-02,-9.951242317786772318e-02,-6.845693006318408491e-01
-2.605375647544860840e-02,-9.951242317786772318e-02,-6.895807839989854804e-01
-2.262237295508384705e-02,-9.951242317786772318e-02,-6.945922672360995698e-01
-1.911132223904132843e-02,-9.951242317786772318e-02,-6.986014658749346573e-01
-1.555847283452749252e-02,-9.951242317786772318e-02,-7.026106645137698559e-01
-1.189594622701406479e-02,-9.951242317786772318e-02,-7.026106645137698559e-01
-8.233419619500637054e-03,-9.951242317786772318e-02,-7.026106645137698559e-01
-4.570893011987209320e-03,-9.951242317786772318e-02,-7.026106645137698559e-01
-9.096623398363590240e-04,-9.951242317786772318e-02,-7.036129491120487467e-01
-7.267783582210540771e-02,-9.951242317786772318e-02,-6.886411426636026567e-01
-6.908845901489257812e-02,-9.951242317786772318e-02,-6.886411426636026567e-01
-6.540373712778091431e-02,-9.951242317786772318e-02,-6.876387667838700368e-01
-6.172946840524673462e-02,-9.951242317786772318e-02,-6.866363907741069861e-01
-5.815053358674049377e-02,-9.951242317786772318e-02,-6.866363907741069861e-01
-5.449193343520164490e-02,-9.951242317786772318e-02,-6.856339551687771205e-01
-5.084378644824028015e-02,-9.951242317786772318e-02,-6.846315792890445007e-01
-4.720608517527580261e-02,-9.951242317786772318e-02,-6.836292034093119918e-01
-4.351484403014183044e-02,-9.951242317786772318e-02,-6.816243917942189645e-01
-3.972696885466575623e-02,-9.951242317786772318e-02,-6.776148882752885960e-01
-3.608797118067741394e-02,-9.951242317786772318e-02,-6.756100767902262216e-01
-3.261483088135719299e-02,-9.951242317786772318e-02,-6.766124526699587305e-01
-2.917433530092239380e-02,-9.951242317786772318e-02,-6.786172641550212159e-01
-2.582654543220996857e-02,-9.951242317786772318e-02,-6.836292034093119918e-01
-2.249179594218730927e-02,-9.951242317786772318e-02,-6.906458944230677854e-01
-1.905648410320281982e-02,-9.951242317786772318e-02,-6.966602692826883159e-01
-1.555847283452749252e-02,-9.951242317786772318e-02,-7.026745844167114896e-01
-1.189594622701406479e-02,-9.951242317786772318e-02,-7.026745844167114896e-01
-8.233419619500637054e-03,-9.951242317786772318e-02,-7.026745844167114896e-01
-4.570893011987209320e-03,-9.951242317786772318e-02,-7.026745844167114896e-01
-9.083665208891034126e-04,-9.951242317786772318e-02,-7.026745844167114896e-01
-7.257205247879028320e-02,-9.951242317786772318e-02,-6.877013188953430278e-01
-6.888733059167861938e-02,-9.951242317786772318e-02,-6.866988518641873318e-01
-6.521304696798324585e-02,-9.951242317786772318e-02,-6.856963249774038482e-01
-6.154923141002655029e-02,-9.951242317786772318e-02,-6.846938579462481522e-01
-5.781096592545509338e-02,-9.951242317786772318e-02,-6.826889237539062183e-01
-5.417326837778091431e-02,-9.951242317786772318e-02,-6.816863968671227347e-01
-5.054601654410362244e-02,-9.951242317786772318e-02,-6.806839298359671497e-01
-4.686000198125839233e-02,-9.951242317786772318e-02,-6.786789956436251048e-01
-4.319488257169723511e-02,-9.951242317786772318e-02,-6.766740017256859252e-01
-3.949189558625221252e-02,-9.951242317786772318e-02,-6.736666005021882953e-01
-3.592734038829803467e-02,-9.951242317786772318e-02,-6.726640737454353536e-01
-3.242155909538269043e-02,-9.951242317786772318e-02,-6.726640737454353536e-01
-2.895886823534965515e-02,-9.951242317786772318e-02,-6.736666005021882953e-01
-2.563720010221004486e-02,-9.951242317786772318e-02,-6.786789956436251048e-01
-2.242650836706161499e-02,-9.951242317786772318e-02,-6.887037859264987238e-01
-1.902906410396099091e-02,-9.951242317786772318e-02,-6.957211152602773563e-01
-1.555847283452749252e-02,-9.951242317786772318e-02,-7.027385043196532344e-01
-1.189594622701406479e-02,-9.951242317786772318e-02,-7.027385043196532344e-01
-8.233419619500637054e-03,-9.951242317786772318e-02,-7.027385043196532344e-01
-4.570893011987209320e-03,-9.951242317786772318e-02,-7.027385043196532344e-01
-9.083665208891034126e-04,-9.951242317786772318e-02,-7.027385043196532344e-01
-7.236046344041824341e-02,-9.951242317786772318e-02,-6.857586946560000341e-01
-6.868619471788406372e-02,-9.951242317786772318e-02,-6.847561363433907200e-01
-6.502237170934677124e-02,-9.951242317786772318e-02,-6.837535781608119478e-01
-6.127888336777687073e-02,-9.951242317786772318e-02,-6.817484018099959631e-01
-5.764118209481239319e-02,-9.951242317786772318e-02,-6.807458436274171909e-01
-5.393427237868309021e-02,-9.951242317786772318e-02,-6.787407270021984518e-01
-5.039713531732559204e-02,-9.951242317786772318e-02,-6.787407270021984518e-01
-4.672156274318695068e-02,-9.951242317786772318e-02,-6.767355507814130089e-01
-4.306690022349357605e-02,-9.951242317786772318e-02,-6.747304342862249227e-01
-3.931559249758720398e-02,-9.951242317786772318e-02,-6.707201414402209627e-01
-3.582025691866874695e-02,-9.951242317786772318e-02,-6.707201414402209627e-01
-3.232492133975028992e-02,-9.951242317786772318e-02,-6.707201414402209627e-01
-2.882958762347698212e-02,-9.951242317786772318e-02,-6.707201414402209627e-01
-2.537211775779724121e-02,-9.951242317786772318e-02,-6.717226997528302768e-01
-1.900164410471916199e-02,-9.951242317786772318e-02,-6.947818385305868372e-01
-1.546969357877969742e-02,-9.951242317786772318e-02,-6.987921312465603663e-01
-1.184503640979528427e-02,-9.951242317786772318e-02,-6.997946895591696803e-01
-8.221674710512161255e-03,-9.951242317786772318e-02,-7.017998657799550122e-01
-4.570893011987209320e-03,-9.951242317786772318e-02,-7.028024240925643262e-01
-9.083665208891034126e-04,-9.951242317786772318e-02,-7.028024240925643262e-01
-7.236046344041824341e-02,-9.951242317786772318e-02,-6.858210644646267617e-01
-6.868619471788406372e-02,-9.951242317786772318e-02,-6.848184150005942605e-01
-6.492703408002853394e-02,-9.951242317786772318e-02,-6.828131160725294801e-01
-6.118876859545707703e-02,-9.951242317786772318e-02,-6.808077574188673431e-01
-5.747140198945999146e-02,-9.951242317786772318e-02,-6.788024586208328826e-01
-5.385460704565048218e-02,-9.951242317786772318e-02,-6.777998091568004924e-01
-5.017380788922309875e-02,-9.951242317786772318e-02,-6.757944505031383553e-01
-4.658313095569610596e-02,-9.951242317786772318e-02,-6.747918010391058541e-01
-4.293891414999961853e-02,-9.951242317786772318e-02,-6.727864423854437170e-01
-3.931559249758720398e-02,-9.951242317786772318e-02,-6.707811434573789366e-01
-3.582025691866874695e-02,-9.951242317786772318e-02,-6.707811434573789366e-01
-3.227660432457923889e-02,-9.951242317786772318e-02,-6.697784939933464354e-01
-2.878649346530437469e-02,-9.951242317786772318e-02,-6.697784939933464354e-01
-2.533425018191337585e-02,-9.951242317786772318e-02,-6.707811434573789366e-01
-1.878228969871997833e-02,-9.951242317786772318e-02,-6.868237736542563976e-01
-1.546969357877969742e-02,-9.951242317786772318e-02,-6.988556865438095844e-01
-1.184503640979528427e-02,-9.951242317786772318e-02,-6.998583358778114327e-01
-8.221674710512161255e-03,-9.951242317786772318e-02,-7.018636945314735698e-01
-4.570893011987209320e-03,-9.951242317786772318e-02,-7.028663439955060710e-01
-9.083665208891034126e-04,-9.951242317786772318e-02,-7.028663439955060710e-01
-7.236046344041824341e-02,-9.951242317786772318e-02,-6.858834342732534894e-01
-6.858562678098678589e-02,-9.951242317786772318e-02,-6.838779530423424458e-01
-6.483168900012969971e-02,-9.951242317786772318e-02,-6.818724119558035035e-01
-6.091842055320739746e-02,-9.951242317786772318e-02,-6.778614494939813051e-01
-5.721672624349594116e-02,-9.951242317786772318e-02,-6.758559084074423629e-01
-5.353593826293945312e-02,-9.951242317786772318e-02,-6.738504271765313192e-01
-4.995048046112060547e-02,-9.951242317786772318e-02,-6.728476268354784962e-01
-4.637547954916954041e-02,-9.951242317786772318e-02,-6.718448862200230298e-01
-4.281092807650566101e-02,-9.951242317786772318e-02,-6.708421456045674525e-01
-3.919805958867073059e-02,-9.951242317786772318e-02,-6.688366642436258669e-01
-3.571317344903945923e-02,-9.951242317786772318e-02,-6.688366642436258669e-01
-3.222828730940818787e-02,-9.951242317786772318e-02,-6.688366642436258669e-01
-2.874340116977691650e-02,-9.951242317786772318e-02,-6.688366642436258669e-01
-2.529638074338436127e-02,-9.951242317786772318e-02,-6.698394048590813332e-01
-1.875486969947814941e-02,-9.951242317786772318e-02,-6.858834342732534894e-01
-1.540310960263013840e-02,-9.951242317786772318e-02,-6.959109600090339631e-01
-1.182806678116321564e-02,-9.951242317786772318e-02,-6.989192417110283717e-01
-8.209929801523685455e-03,-9.951242317786772318e-02,-7.009247826675366611e-01
-4.564372822642326355e-03,-9.951242317786772318e-02,-7.019275232829922384e-01
-9.070707019418478012e-04,-9.951242317786772318e-02,-7.019275232829922384e-01
-7.615620642900466919e-02,-9.951242317786772318e-02,-6.879515274712653117e-01
-7.225468009710311890e-02,-9.951242317786772318e-02,-6.849429721849710218e-01
-6.838449835777282715e-02,-9.951242317786772318e-02,-6.819344170287072737e-01
-6.454566866159439087e-02,-9.951242317786772318e-02,-6.789259215980407713e-01
-6.064807251095771790e-02,-9.951242317786772318e-02,-6.749145345448678279e-01
-5.696205049753189087e-02,-9.951242317786772318e-02,-6.729088111554827334e-01
-5.329693853855133057e-02,-9.951242317786772318e-02,-6.709031476217254264e-01
-4.972716048359870911e-02,-9.951242317786772318e-02,-6.699003157248162310e-01
-4.616782814264297485e-02,-9.951242317786772318e-02,-6.688974839579375775e-01
-4.268294572830200195e-02,-9.951242317786772318e-02,-6.688974839579375775e-01
-3.913928940892219543e-02,-9.951242317786772318e-02,-6.678945923354311365e-01
-3.565962612628936768e-02,-9.951242317786772318e-02,-6.678945923354311365e-01
-3.217996656894683838e-02,-9.951242317786772318e-02,-6.678945923354311365e-01
-2.870030514895915985e-02,-9.951242317786772318e-02,-6.678945923354311365e-01
-2.525851316750049591e-02,-9.951242317786772318e-02,-6.688974839579375775e-01
-1.170927751809358597e-02,-9.951242317786772318e-02,-6.919629143944077132e-01
-8.162948302924633026e-03,-9.951242317786772318e-02,-6.969771332144591991e-01
-4.544810857623815536e-03,-9.951242317786772318e-02,-6.989827968782470480e-01
-9.044790640473365784e-04,-9.951242317786772318e-02,-6.999856286451257015e-01
-7.246626168489456177e-02,-9.951242317786772318e-02,-6.870111566644364620e-01
-6.858562678098678589e-02,-9.951242317786772318e-02,-6.840023279238729437e-01
-6.454566866159439087e-02,-9.951242317786772318e-02,-6.789876530866446602e-01
-6.055795773863792419e-02,-9.951242317786772318e-02,-6.739729783794470297e-01
-5.696205049753189087e-02,-9.951242317786772318e-02,-6.729699956055174015e-01
-5.329693853855133057e-02,-9.951242317786772318e-02,-6.709641496388834003e-01
-4.965271800756454468e-02,-9.951242317786772318e-02,-6.689583036722493992e-01
-4.616782814264297485e-02,-9.951242317786772318e-02,-6.689583036722493992e-01
-4.268294572830200195e-02,-9.951242317786772318e-02,-6.689583036722493992e-01
-3.919805958867073059e-02,-9.951242317786772318e-02,-6.689583036722493992e-01
-3.571317344903945923e-02,-9.951242317786772318e-02,-6.689583036722493992e-01
-3.222828730940818787e-02,-9.951242317786772318e-02,-6.689583036722493992e-01
-2.874340116977691650e-02,-9.951242317786772318e-02,-6.689583036722493992e-01
-2.525851316750049591e-02,-9.951242317786772318e-02,-6.689583036722493992e-01
-2.180626988410949707e-02,-9.951242317786772318e-02,-6.699612267205816707e-01
-1.834357902407646179e-02,-9.951242317786772318e-02,-6.709641496388834003e-01
-1.164139714092016220e-02,-9.951242317786772318e-02,-6.880140795827383027e-01
-8.115967735648155212e-03,-9.951242317786772318e-02,-6.930287544199664751e-01
-4.525249358266592026e-03,-9.951242317786772318e-02,-6.960375233049022059e-01
-9.031832451000809669e-04,-9.951242317786772318e-02,-6.990463520454658353e-01
-7.704431563615798950e-02,-9.951242317786772318e-02,-6.961008048878211119e-01
-7.267783582210540771e-02,-9.951242317786772318e-02,-6.890796457639359884e-01
-6.868619471788406372e-02,-9.951242317786772318e-02,-6.850675293693477830e-01
-6.464100629091262817e-02,-9.951242317786772318e-02,-6.800523986449733549e-01
-6.064807251095771790e-02,-9.951242317786772318e-02,-6.750372680506296907e-01
-5.696205049753189087e-02,-9.951242317786772318e-02,-6.730311799255216387e-01
-5.329693853855133057e-02,-9.951242317786772318e-02,-6.710251515260108324e-01
-4.972716048359870911e-02,-9.951242317786772318e-02,-6.700221373262554847e-01
-4.623704776167869568e-02,-9.951242317786772318e-02,-6.700221373262554847e-01
-4.274693876504898071e-02,-9.951242317786772318e-02,-6.700221373262554847e-01
-3.925682604312896729e-02,-9.951242317786772318e-02,-6.700221373262554847e-01
-3.576671332120895386e-02,-9.951242317786772318e-02,-6.700221373262554847e-01
-3.227660432457923889e-02,-9.951242317786772318e-02,-6.700221373262554847e-01
-2.878649346530437469e-02,-9.951242317786772318e-02,-6.700221373262554847e-01
-2.529638074338436127e-02,-9.951242317786772318e-02,-6.700221373262554847e-01
-2.180626988410949707e-02,-9.951242317786772318e-02,-6.700221373262554847e-01
-1.837099902331829071e-02,-9.951242317786772318e-02,-6.720281657257661800e-01
-1.495921611785888672e-02,-9.951242317786772318e-02,-6.760402821203544965e-01
-1.153957657516002655e-02,-9.951242317786772318e-02,-6.820584270444842723e-01
-8.068986237049102783e-03,-9.951242317786772318e-02,-6.890796457639359884e-01
-4.499167669564485550e-03,-9.951242317786772318e-02,-6.920887480887994991e-01
-8.992957882583141327e-04,-9.951242317786772318e-02,-6.961008048878211119e-01
-7.693330198526382446e-02,-9.951242317786772318e-02,-6.951609809895308301e-01
-7.288941740989685059e-02,-9.951242317786772318e-02,-6.911484999892502090e-01
-6.878675520420074463e-02,-9.951242317786772318e-02,-6.861329133777298583e-01
-6.473634392023086548e-02,-9.951242317786772318e-02,-6.811173267662095077e-01
-6.073818728327751160e-02,-9.951242317786772318e-02,-6.761017401546891570e-01
-5.704694613814353943e-02,-9.951242317786772318e-02,-6.740955294523320873e-01
-5.345626920461654663e-02,-9.951242317786772318e-02,-6.730923642455257649e-01
-4.980159923434257507e-02,-9.951242317786772318e-02,-6.710861535431688063e-01
-4.630626365542411804e-02,-9.951242317786772318e-02,-6.710861535431688063e-01
-4.281092807650566101e-02,-9.951242317786772318e-02,-6.710861535431688063e-01
-3.931559249758720398e-02,-9.951242317786772318e-02,-6.710861535431688063e-01
-3.582025691866874695e-02,-9.951242317786772318e-02,-6.710861535431688063e-01
-3.232492133975028992e-02,-9.951242317786772318e-02,-6.710861535431688063e-01
-2.882958762347698212e-02,-9.951242317786772318e-02,-6.710861535431688063e-01
-2.533425018191337585e-02,-9.951242317786772318e-02,-6.710861535431688063e-01
-2.183891460299491882e-02,-9.951242317786772318e-02,-6.710861535431688063e-01
-1.834357902407646179e-02,-9.951242317786772318e-02,-6.710861535431688063e-01
-1.491482742130756378e-02,-9.951242317786772318e-02,-6.740955294523320873e-01
-1.148866768926382065e-02,-9.951242317786772318e-02,-6.791111160638524380e-01
-8.022005669772624969e-03,-9.951242317786772318e-02,-6.851298080265513235e-01
-4.479605704545974731e-03,-9.951242317786772318e-02,-6.891422892868931394e-01
-8.979999693110585213e-04,-9.951242317786772318e-02,-6.951609809895308301e-01
-7.704431563615798950e-02,-9.951242317786772318e-02,-6.962273680536588127e-01
-7.299520820379257202e-02,-9.951242317786772318e-02,-6.922145820432523688e-01
-6.898789107799530029e-02,-9.951242317786772318e-02,-6.882017359171570536e-01
-6.502237170934677124e-02,-9.951242317786772318e-02,-6.841888900511228222e-01
-6.100853905081748962e-02,-9.951242317786772318e-02,-6.791728475524563269e-01
-5.730161815881729126e-02,-9.951242317786772318e-02,-6.771663946916253174e-01
-5.369526892900466919e-02,-9.951242317786772318e-02,-6.761631980589931645e-01
-5.017380788922309875e-02,-9.951242317786772318e-02,-6.761631980589931645e-01
-4.658313095569610596e-02,-9.951242317786772318e-02,-6.751600016864220954e-01
-4.306690022349357605e-02,-9.951242317786772318e-02,-6.751600016864220954e-01
-3.949189558625221252e-02,-9.951242317786772318e-02,-6.741568050537899426e-01
-3.598088771104812622e-02,-9.951242317786772318e-02,-6.741568050537899426e-01
-3.246987611055374146e-02,-9.951242317786772318e-02,-6.741568050537899426e-01
-2.891577221453189850e-02,-9.951242317786772318e-02,-6.731535488255910860e-01
-2.540998533368110657e-02,-9.951242317786772318e-02,-6.731535488255910860e-01
-2.190420217812061310e-02,-9.951242317786772318e-02,-6.731535488255910860e-01
-1.842583715915679932e-02,-9.951242317786772318e-02,-6.741568050537899426e-01
-1.495921611785888672e-02,-9.951242317786772318e-02,-6.761631980589931645e-01
-1.148866768926382065e-02,-9.951242317786772318e-02,-6.791728475524563269e-01
-8.022005669772624969e-03,-9.951242317786772318e-02,-6.851920866837549751e-01
-4.479605704545974731e-03,-9.951242317786772318e-02,-6.892049325497892065e-01
-8.941125706769526005e-04,-9.951242317786772318e-02,-6.922145820432523688e-01
-7.704431563615798950e-02,-9.951242317786772318e-02,-6.962906497666082606e-01
-7.310099899768829346e-02,-9.951242317786772318e-02,-6.932807865444730044e-01
-6.908845901489257812e-02,-9.951242317786772318e-02,-6.892675758126852736e-01
-6.521304696798324585e-02,-9.951242317786772318e-02,-6.862576529949833137e-01
-6.127888336777687073e-02,-9.951242317786772318e-02,-6.822444422631955829e-01
-5.772607401013374329e-02,-9.951242317786772318e-02,-6.822444422631955829e-01
-5.409360304474830627e-02,-9.951242317786772318e-02,-6.812411546091708958e-01
-5.047157779335975647e-02,-9.951242317786772318e-02,-6.802378666950850139e-01
-4.686000198125839233e-02,-9.951242317786772318e-02,-6.792345790410602158e-01
-4.332286864519119263e-02,-9.951242317786772318e-02,-6.792345790410602158e-01
-3.972696885466575623e-02,-9.951242317786772318e-02,-6.782312913870355287e-01
-3.614151477813720703e-02,-9.951242317786772318e-02,-6.772279438773830540e-01
-3.256651386618614197e-02,-9.951242317786772318e-02,-6.762246562233583669e-01
-2.904505468904972076e-02,-9.951242317786772318e-02,-6.762246562233583669e-01
-2.548572421073913574e-02,-9.951242317786772318e-02,-6.752213683092724850e-01
-2.196949161589145660e-02,-9.951242317786772318e-02,-6.752213683092724850e-01
-1.848067529499530792e-02,-9.951242317786772318e-02,-6.762246562233583669e-01
-1.502580009400844574e-02,-9.951242317786772318e-02,-6.792345790410602158e-01
-1.153957657516002655e-02,-9.951242317786772318e-02,-6.822444422631955829e-01
-8.045496419072151184e-03,-9.951242317786772318e-02,-6.872610005046358994e-01
-4.479605704545974731e-03,-9.951242317786772318e-02,-6.892675758126852736e-01
-8.941125706769526005e-04,-9.951242317786772318e-02,-6.922774988904483173e-01
-7.682228833436965942e-02,-9.951242317786772318e-02,-6.943471736086008761e-01
-7.288941740989685059e-02,-9.951242317786772318e-02,-6.913369769465380621e-01
-6.908845901489257812e-02,-9.951242317786772318e-02,-6.893302193356424246e-01
-6.549907475709915161e-02,-9.951242317786772318e-02,-6.893302193356424246e-01
-6.163934618234634399e-02,-9.951242317786772318e-02,-6.863200226735794995e-01
-5.798074975609779358e-02,-9.951242317786772318e-02,-6.853166437381011944e-01
-5.433260276913642883e-02,-9.951242317786772318e-02,-6.843132648026227782e-01
-5.084378644824028015e-02,-9.951242317786772318e-02,-6.853166437381011944e-01
-4.713686928153038025e-02,-9.951242317786772318e-02,-6.833098861272055569e-01
-4.351484403014183044e-02,-9.951242317786772318e-02,-6.823064473360993532e-01
-3.990326821804046631e-02,-9.951242317786772318e-02,-6.813030684006210480e-01
-3.624860197305679321e-02,-9.951242317786772318e-02,-6.792963105296642157e-01
-3.271146863698959351e-02,-9.951242317786772318e-02,-6.792963105296642157e-01
-2.913124300539493561e-02,-9.951242317786772318e-02,-6.782929315941857995e-01
-2.556146122515201569e-02,-9.951242317786772318e-02,-6.772894930631407906e-01
-2.206742390990257263e-02,-9.951242317786772318e-02,-6.782929315941857995e-01
-1.856293529272079468e-02,-9.951242317786772318e-02,-6.792963105296642157e-01
-1.509238407015800476e-02,-9.951242317786772318e-02,-6.823064473360993532e-01
-1.159048732370138168e-02,-9.951242317786772318e-02,-6.853166437381011944e-01
-8.068986237049102783e-03,-9.951242317786772318e-02,-6.893302193356424246e-01
-4.499167669564485550e-03,-9.951242317786772318e-02,-6.923404157376441548e-01
-8.954083896242082119e-04,-9.951242317786772318e-02,-6.933437946731225709e-01
-7.267783582210540771e-02,-1.594177777288865450e-01,-6.893928623384772969e-01
-6.908845901489257812e-02,-1.594177777288865450e-01,-6.893928623384772969e-01
-6.549907475709915161e-02,-1.594177777288865450e-01,-6.893928623384772969e-01
-6.190969794988632202e-02,-1.594177777288865450e-01,-6.893928623384772969e-01
-5.832031369209289551e-02,-1.594177777288865450e-01,-6.893928623384772969e-01
-5.457160621881484985e-02,-1.594177777288865450e-01,-6.873859221646744233e-01
-5.099267140030860901e-02,-1.594177777288865450e-01,-6.873859221646744233e-01
-4.727530106902122498e-02,-1.594177777288865450e-01,-6.853789223953047349e-01
-4.370682314038276672e-02,-1.594177777288865450e-01,-6.853789223953047349e-01
-4.002080485224723816e-02,-1.594177777288865450e-01,-6.833719822215018613e-01
-3.635568544268608093e-02,-1.594177777288865450e-01,-6.813649821920710892e-01
-3.271146863698959351e-02,-9.951242317786772318e-02,-6.793580420182681046e-01
-2.917433530092239380e-02,-9.951242317786772318e-02,-6.793580420182681046e-01
-2.563720010221004486e-02,-9.951242317786772318e-02,-6.793580420182681046e-01
-2.216535434126853943e-02,-1.594177777288865450e-01,-6.813649821920710892e-01
-1.867261342704296112e-02,-1.594177777288865450e-01,-6.833719822215018613e-01
-1.520335860550403595e-02,-1.594177777288865450e-01,-6.873859221646744233e-01
-1.165836676955223083e-02,-1.594177777288865450e-01,-6.893928623384772969e-01
-8.104222826659679413e-03,-1.594177777288865450e-01,-6.924033325848401033e-01
-4.505687858909368515e-03,-1.594177777288865450e-01,-6.934068025417109427e-01
-8.967041503638029099e-04,-1.594177777288865450e-01,-6.944102727586429769e-01
-7.626722007989883423e-02,-1.594177777288865450e-01,-6.894555058614344478e-01
-7.267783582210540771e-02,-1.594177777288865450e-01,-6.894555058614344478e-01
-6.908845901489257812e-02,-1.594177777288865450e-01,-6.894555058614344478e-01
-6.559441238641738892e-02,-1.594177777288865450e-01,-6.904590670997590163e-01
-6.199981272220611572e-02,-1.594177777288865450e-01,-6.904590670997590163e-01
-5.840520560741424561e-02,-1.594177777288865450e-01,-6.904590670997590163e-01
-5.473093688488006592e-02,-1.594177777288865450e-01,-6.894555058614344478e-01
-5.114155262708663940e-02,-1.594177777288865450e-01,-6.894555058614344478e-01
-4.748295620083808899e-02,-1.594177777288865450e-01,-6.884519446231098794e-01
-4.377081617712974548e-02,-1.594177777288865450e-01,-6.864447622908329549e-01
-4.013834148645401001e-02,-1.594177777288865450e-01,-6.854412007924473027e-01
-3.635568544268608093e-02,-1.594177777288865450e-01,-6.814268959835212414e-01
-3.275978565216064453e-02,-1.594177777288865450e-01,-6.804233347451965619e-01
-2.917433530092239380e-02,-1.594177777288865450e-01,-6.794197735068719934e-01
-2.567506954073905945e-02,-1.594177777288865450e-01,-6.804233347451965619e-01
-2.219799906015396118e-02,-1.594177777288865450e-01,-6.824304572218458098e-01
-1.870003156363964081e-02,-1.594177777288865450e-01,-6.844376395541227343e-01
-1.520335860550403595e-02,-1.594177777288865450e-01,-6.874483833847853109e-01
-1.167533639818429947e-02,-1.594177777288865450e-01,-6.904590670997590163e-01
-8.104222826659679413e-03,-1.594177777288865450e-01,-6.924662494320360517e-01
-4.505687858909368515e-03,-1.594177777288865450e-01,-6.934698106703605092e-01
-8.992957882583141327e-04,-1.594177777288865450e-01,-6.964804946453954093e-01
-7.267783582210540771e-02,-1.594177777288865450e-01,-6.895181491243305150e-01
-6.918901950120925903e-02,-1.594177777288865450e-01,-6.905218016441087014e-01
-6.578509509563446045e-02,-1.594177777288865450e-01,-6.925291662792318892e-01
-6.218004599213600159e-02,-1.594177777288865450e-01,-6.925291662792318892e-01
-5.857498943805694580e-02,-1.594177777288865450e-01,-6.925291662792318892e-01
-5.489026755094528198e-02,-1.594177777288865450e-01,-6.915254541638869989e-01
-5.129043385386466980e-02,-1.594177777288865450e-01,-6.915254541638869989e-01
-4.755217209458351135e-02,-1.594177777288865450e-01,-6.895181491243305150e-01
-4.396279528737068176e-02,-1.594177777288865450e-01,-6.895181491243305150e-01
-4.019710794091224670e-02,-1.594177777288865450e-01,-6.865071319694291407e-01
-3.651631623506546021e-02,-1.594177777288865450e-01,-6.844998271899338516e-01
-3.285642340779304504e-02,-1.594177777288865450e-01,-6.824924622947495800e-01
-2.921742945909500122e-02,-1.594177777288865450e-01,-6.804851575152541798e-01
-2.571293711662292480e-02,-1.594177777288865450e-01,-6.814888097749712825e-01
-2.219799906015396118e-02,-1.594177777288865450e-01,-6.824924622947495800e-01
-1.872744970023632050e-02,-1.594177777288865450e-01,-6.855034794496509543e-01
-1.524774730205535889e-02,-1.594177777288865450e-01,-6.895181491243305150e-01
-1.170927751809358597e-02,-1.594177777288865450e-01,-6.925291662792318892e-01
-8.127712644636631012e-03,-1.594177777288865450e-01,-6.945364713187883732e-01
-4.525249358266592026e-03,-1.594177777288865450e-01,-6.965437760982836624e-01
-6.949071586132049561e-02,-1.594177777288865450e-01,-6.935958269276596422e-01
-6.588044017553329468e-02,-1.594177777288865450e-01,-6.935958269276596422e-01
-6.227016076445579529e-02,-1.594177777288865450e-01,-6.935958269276596422e-01
-5.874476954340934753e-02,-1.594177777288865450e-01,-6.945995704688304739e-01
-5.504960194230079651e-02,-1.594177777288865450e-01,-6.935958269276596422e-01
-5.136488005518913269e-02,-1.594177777288865450e-01,-6.925920833864889214e-01
-4.775982350111007690e-02,-1.594177777288865450e-01,-6.925920833864889214e-01
-4.402678459882736206e-02,-1.594177777288865450e-01,-6.905845361884584976e-01
-4.037341102957725525e-02,-1.594177777288865450e-01,-6.895807926472876659e-01
-3.656985983252525330e-02,-1.594177777288865450e-01,-6.855657581068546058e-01
-3.295306116342544556e-02,-1.594177777288865450e-01,-6.845620145656837741e-01
-2.930361405014991760e-02,-1.594177777288865450e-01,-6.825544673676533503e-01
-2.578867599368095398e-02,-1.594177777288865450e-01,-6.835582707644519695e-01
-2.229593135416507721e-02,-1.594177777288865450e-01,-6.855657581068546058e-01
-1.878228969871997833e-02,-1.594177777288865450e-01,-6.875733053048850296e-01
-1.524774730205535889e-02,-1.594177777288865450e-01,-6.895807926472876659e-01
-1.174321677535772324e-02,-1.594177777288865450e-01,-6.945995704688304739e-01
-8.151202462613582611e-03,-1.594177777288865450e-01,-6.966070578112331102e-01
-4.570893011987209320e-03,-1.594177777288865450e-01,-7.036333828308063421e-01
7.002518512308597565e-03,-1.594177777288865450e-01,-7.678738131658696675e-01
1.104256138205528259e-02,-1.594177777288865450e-01,-7.708850440494431355e-01
-6.969184428453445435e-02,-1.594177777288865450e-01,-6.956665047015581083e-01
-6.597577780485153198e-02,-1.594177777288865450e-01,-6.946626698789336585e-01
-6.236027553677558899e-02,-1.594177777288865450e-01,-6.946626698789336585e-01
-5.882966145873069763e-02,-1.594177777288865450e-01,-6.956665047015581083e-01
-5.520893260836601257e-02,-1.594177777288865450e-01,-6.956665047015581083e-01
-5.151376128196716309e-02,-1.594177777288865450e-01,-6.946626698789336585e-01
-4.782903939485549927e-02,-1.594177777288865450e-01,-6.936588350563092087e-01
-4.409077763557434082e-02,-1.594177777288865450e-01,-6.916511055554325216e-01
-4.037341102957725525e-02,-1.594177777288865450e-01,-6.896434359101837330e-01
-3.667694702744483948e-02,-1.594177777288865450e-01,-6.876357662649348335e-01
-3.300137817859649658e-02,-1.594177777288865450e-01,-6.856280367640581463e-01
-2.943289652466773987e-02,-1.594177777288865450e-01,-6.856280367640581463e-01
-2.586441300809383392e-02,-1.594177777288865450e-01,-6.856280367640581463e-01
-2.229593135416507721e-02,-1.594177777288865450e-01,-6.856280367640581463e-01
-1.880970969796180725e-02,-1.594177777288865450e-01,-6.886396010875592832e-01
-1.529213599860668182e-02,-1.594177777288865450e-01,-6.916511055554325216e-01
-1.176018640398979187e-02,-1.594177777288865450e-01,-6.956665047015581083e-01
-8.151202462613582611e-03,-1.594177777288865450e-01,-6.966703395241825580e-01
-4.570893011987209320e-03,-1.594177777288865450e-01,-7.036973029938091706e-01
-9.303953847847878933e-04,-1.594177777288865450e-01,-7.207627341408746613e-01
2.875956241041421890e-03,-1.594177777288865450e-01,-7.348166012245000989e-01
6.856060586869716644e-03,-1.594177777288865450e-01,-7.518819725159376910e-01
1.082688663154840469e-02,-1.594177777288865450e-01,-7.558973716620633887e-01
-7.793243974447250366e-02,-1.594177777288865450e-01,-7.047651487407677884e-01
-7.362995296716690063e-02,-1.594177777288865450e-01,-6.987415330408548453e-01
-6.969184428453445435e-02,-1.594177777288865450e-01,-6.957296951330538270e-01
-6.588044017553329468e-02,-1.594177777288865450e-01,-6.937218431849587752e-01
-6.227016076445579529e-02,-1.594177777288865450e-01,-6.937218431849587752e-01
-5.865988135337829590e-02,-1.594177777288865450e-01,-6.937218431849587752e-01
-5.504960194230079651e-02,-1.594177777288865450e-01,-6.937218431849587752e-01
-5.151376128196716309e-02,-1.594177777288865450e-01,-6.947257690289757592e-01
-4.775982350111007690e-02,-1.594177777288865450e-01,-6.927179170808807074e-01
-4.415477067232131958e-02,-1.594177777288865450e-01,-6.927179170808807074e-01
-4.037341102957725525e-02,-1.594177777288865450e-01,-6.897060791730798002e-01
-3.673049062490463257e-02,-1.594177777288865450e-01,-6.887021533290628161e-01
-3.304969519376754761e-02,-1.594177777288865450e-01,-6.866942415253398657e-01
-2.943289652466773987e-02,-1.594177777288865450e-01,-6.856903154212617979e-01
-2.594015188515186310e-02,-1.594177777288865450e-01,-6.876982272249847483e-01
-2.242650836706161499e-02,-1.594177777288865450e-01,-6.897060791730798002e-01
-1.891938783228397369e-02,-1.594177777288865450e-01,-6.927179170808807074e-01
-1.540310960263013840e-02,-1.594177777288865450e-01,-6.967336212371318949e-01
-1.177715603262186050e-02,-1.594177777288865450e-01,-6.967336212371318949e-01
-8.174694143235683441e-03,-1.594177777288865450e-01,-6.987415330408548453e-01
-4.564372822642326355e-03,-1.594177777288865450e-01,-7.027572967926727365e-01
-9.161413763649761677e-04,-1.594177777288865450e-01,-7.097848385966638585e-01
2.824880415573716164e-03,-1.594177777288865450e-01,-7.218321301121788380e-01
6.654681172221899033e-03,-1.594177777288865450e-01,-7.298636578758758153e-01
1.051056291908025742e-02,-1.594177777288865450e-01,-7.338793617720660301e-01
